baseline_aupr	baseline_auroc	cluster_id	lagged_edges	lagged_edges2	nan_edges	percent_lagged	percent_lagged2	swing_aupr	swing_aupr2	swing_aupr3	swing_aupr4	swing_aupr5	swing_auroc	swing_auroc2	swing_auroc3	swing_auroc4	swing_auroc5	total_edges
0.06967055653588763	0.5648993838929988	1.0	143.0	116.0	741.0	0.13389513108614232	0.10861423220973783	0.05198901044862379	0.05241789990525691	0.04794019269841855	0.05123145112790462	0.04743441687682602	0.5311574320194112	0.5445042090604051	0.5131298952912773	0.5449279056935963	0.5051063808683289	1068.0
0.09571343160082782	0.5900753535401843	6.0	24.0	8.0	185.0	0.08362369337979095	0.027874564459930314	0.07445748977396774	0.07789581323837612	0.07378088247572623	0.07497058848536625	0.0624514349649314	0.5549838737409886	0.564842365143536	0.545874831239066	0.5566585681979179	0.5190488784096284	287.0
0.04273613295419773	0.6029298892279696	8.0	206.0	90.0	708.0	0.16375198728139906	0.07154213036565978	0.026742650479665973	0.02651345047007683	0.02337836298772421	0.02610651076009048	0.026516679489210472	0.555102126689997	0.5531376659154942	0.5357328315530427	0.5580540746828416	0.5707112814759049	1258.0
0.23848140972432047	0.6175727286477765	15.0	16.0	9.0	121.0	0.0851063829787234	0.047872340425531915	0.23106239839753082	0.1581020471022244	0.15560097276717666	0.23753173187427906	0.22151288276933037	0.5703873399213473	0.5877628062922265	0.6011552132701383	0.5556903549460479	0.5795288393667426	188.0
