baseline_aupr	baseline_auroc	cluster_id	lagged_edges	lagged_edges2	nan_edges	percent_lagged	percent_lagged2	swing_aupr	swing_aupr2	swing_aupr3	swing_aupr4	swing_aupr5	swing_auroc	swing_auroc2	swing_auroc3	swing_auroc4	swing_auroc5	total_edges
0.0668391555386462	0.562422046555403	1.0	143.0	116.0	741.0	0.13389513108614232	0.10861423220973783	0.05178466856996446	0.04896879029726023	0.05162609726976882	0.05059153064186773	0.04684169597603881	0.5276949852054171	0.5223173911183288	0.5224277935516691	0.5365851383742618	0.5031822400346456	1068.0
0.09299688255085735	0.5910383799567168	6.0	24.0	8.0	185.0	0.08362369337979095	0.027874564459930314	0.0752403746067568	0.07920816217095011	0.073529469886324	0.07809016647970246	0.06208276516056981	0.5468740964398887	0.5509212747108049	0.5485672958079489	0.560359550423185	0.5126045431098941	287.0
0.03848185808984329	0.5952780295170583	8.0	206.0	90.0	708.0	0.16375198728139906	0.07154213036565978	0.027014486918122013	0.02497732460239996	0.022226189518558623	0.025590224594358366	0.02756995978239404	0.5538882265268422	0.5583154862843931	0.5313803395221428	0.5597315488160205	0.5704116479655825	1258.0
0.24098571317431902	0.6140245285872783	15.0	16.0	9.0	121.0	0.0851063829787234	0.047872340425531915	0.22626231222042498	0.16125468772955956	0.14141180595810604	0.2289033548930487	0.21170115318580252	0.5577133961883606	0.6003075526872995	0.5764596148028623	0.5578173842896017	0.5654998991630513	188.0
