baseline_aupr	baseline_auroc	cluster_id	lagged_edges	lagged_edges2	nan_edges	percent_lagged	percent_lagged2	swing_aupr	swing_aupr2	swing_aupr3	swing_aupr4	swing_aupr5	swing_auroc	swing_auroc2	swing_auroc3	swing_auroc4	swing_auroc5	total_edges
0.0655939547964482	0.568166970227088	1.0	143.0	116.0	741.0	0.13389513108614232	0.10861423220973783	0.05237564262872641	0.051950470201642215	0.04477497095972578	0.05267695578942487	0.046246093155719245	0.5344913412367263	0.5266037665179985	0.5183947922916726	0.5417566207780412	0.49476504452440473	1068.0
0.0970543817148733	0.5985613973675282	6.0	24.0	8.0	185.0	0.08362369337979095	0.027874564459930314	0.07358203643720143	0.07491876264079242	0.0737846249294087	0.07665707518902734	0.06014515532015658	0.5523831626897818	0.5631229504847091	0.5287361993842551	0.5524494719546511	0.5109144278936848	287.0
0.042784888570972304	0.5974716576517282	8.0	206.0	90.0	708.0	0.16375198728139906	0.07154213036565978	0.025804415707764414	0.02575898739976341	0.023877721839253	0.02738604827676271	0.027895696021445156	0.5554901476320264	0.5631033986438228	0.5412728165222047	0.5640800322934751	0.5721915277464604	1258.0
0.24023650647586298	0.609329308258548	15.0	16.0	9.0	121.0	0.0851063829787234	0.047872340425531915	0.22267530016890136	0.15819327872746156	0.14003316271142915	0.22937635314302665	0.21089346996951247	0.5519908994655626	0.5850654179691406	0.5774175657961061	0.5566136432388802	0.5665082686296268	188.0
