baseline_aupr	baseline_auroc	cluster_id	lagged_edges	lagged_edges2	nan_edges	percent_lagged	percent_lagged2	swing_aupr	swing_aupr2	swing_aupr3	swing_aupr4	swing_aupr5	swing_auroc	swing_auroc2	swing_auroc3	swing_auroc4	swing_auroc5	total_edges
0.06607273239331607	0.5751737681745713	1.0	143.0	116.0	741.0	0.13389513108614232	0.10861423220973783	0.04960402186143025	0.05297071822580357	0.04906498533932512	0.053157191455289896	0.04679944812177756	0.5327797149093034	0.5431791948076302	0.5283826409920085	0.5355035794371119	0.4985039970640268	1068.0
0.09362427279739911	0.5923229292040685	6.0	24.0	8.0	185.0	0.08362369337979095	0.027874564459930314	0.07402062755061585	0.0785099896366583	0.06929897195626843	0.07672081295575411	0.061901208399103055	0.5420489408637004	0.5540717358300604	0.5445208885749939	0.5604142941185979	0.523480804624377	287.0
0.042857726921993	0.5960838659708527	8.0	206.0	90.0	708.0	0.16375198728139906	0.07154213036565978	0.026547231142666782	0.02637894890791213	0.022299155905163116	0.025670084282574876	0.02920331067615035	0.5504094350564853	0.55609622450525	0.5389169474606916	0.5647043703547193	0.5712017901121633	1258.0
0.24384578700611567	0.6107410255117451	15.0	16.0	9.0	121.0	0.0851063829787234	0.047872340425531915	0.22707403794862804	0.159614163437242	0.14369749789473873	0.2359711507271261	0.21993291698721193	0.5568751890692736	0.616806998084096	0.5756529192296038	0.5604359937481088	0.5718746848845399	188.0
