baseline_aupr	baseline_auroc	cluster_id	lagged_edges	lagged_edges2	nan_edges	percent_lagged	percent_lagged2	swing_aupr	swing_aupr2	swing_aupr3	swing_aupr4	swing_aupr5	swing_auroc	swing_auroc2	swing_auroc3	swing_auroc4	swing_auroc5	total_edges
0.06651507133776768	0.5717437055808675	1.0	143.0	116.0	741.0	0.13389513108614232	0.10861423220973783	0.05161779384069782	0.05008741824529945	0.044636009015830626	0.05181971734732336	0.04383820050420748	0.5327273820092969	0.5315762802721956	0.5184429800115077	0.5346224325605126	0.4944493076290681	1068.0
0.09517251701703457	0.6000441033715174	6.0	24.0	8.0	185.0	0.08362369337979095	0.027874564459930314	0.07540640140969289	0.07003448849503224	0.06971833619760413	0.0764707636094226	0.0614115057853797	0.5530154138199292	0.5441392247830156	0.5490214371685043	0.560741214215166	0.5066621535244531	287.0
0.04079737060106491	0.6003385469533391	8.0	206.0	90.0	708.0	0.16375198728139906	0.07154213036565978	0.026761608864067806	0.024924122018776335	0.02233218107859365	0.026789459908471435	0.030262251410067442	0.5560405032680769	0.5542081255019191	0.5308373094589444	0.5670159929561942	0.5709599876039974	1258.0
0.24416190351569952	0.6174466824644524	15.0	16.0	9.0	121.0	0.0851063829787234	0.047872340425531915	0.23278215748329154	0.16107019348894405	0.13687862051603236	0.2327115478684775	0.21456143701016872	0.553824871432893	0.6176861702127646	0.5596356004840156	0.5623109307250174	0.5624023142079256	188.0
