baseline_aupr	baseline_auroc	cluster_id	lagged_edges	lagged_edges2	nan_edges	percent_lagged	percent_lagged2	swing_aupr	swing_aupr2	swing_aupr3	swing_aupr4	swing_aupr5	swing_auroc	swing_auroc2	swing_auroc3	swing_auroc4	swing_auroc5	total_edges
0.06671490100399831	0.5681982441312853	1.0	143.0	116.0	741.0	0.13389513108614232	0.10861423220973783	0.05467385170541008	0.05547512442076772	0.04741719081649239	0.05194313591092162	0.047374611573468915	0.5297106160877726	0.538323930436175	0.5112750011732402	0.5356472543436699	0.5049287302883817	1068.0
0.09491360451114249	0.5966862330400606	6.0	24.0	8.0	185.0	0.08362369337979095	0.027874564459930314	0.07408982690307353	0.0763211305632234	0.067649283042959	0.07698235860839378	0.06086965003296071	0.5524988183843211	0.5625122884175423	0.5359538857614737	0.5604674957380827	0.4942839100568787	287.0
0.04092239567978285	0.5951979522151961	8.0	206.0	90.0	708.0	0.16375198728139906	0.07154213036565978	0.026675417666915016	0.024815840948346084	0.022510902012900697	0.027500572249754413	0.028925642246951596	0.5486826275857185	0.5617793218652375	0.5281659953707267	0.564942222913984	0.5670078586400897	1258.0
0.23976947162813697	0.6143049813451698	15.0	16.0	9.0	121.0	0.0851063829787234	0.047872340425531915	0.22327340197446022	0.17163081502360109	0.13436268619464453	0.22899019680404065	0.21080109079460257	0.5548962639911249	0.624454850257131	0.5571146768175848	0.5609181203993133	0.5665870474942001	188.0
