baseline_aupr	baseline_auroc	cluster_id	lagged_edges	lagged_edges2	nan_edges	percent_lagged	percent_lagged2	swing_aupr	swing_aupr2	swing_aupr3	swing_aupr4	swing_aupr5	swing_auroc	swing_auroc2	swing_auroc3	swing_auroc4	swing_auroc5	total_edges
0.06348412054255052	0.5680244426472252	1.0	143.0	116.0	741.0	0.13389513108614232	0.10861423220973783	0.05046051087661078	0.04984423055485737	0.046092931406750005	0.04975350670469721	0.04611017822538721	0.5231232955722197	0.5191635011554064	0.5172396564060194	0.5289107073409512	0.4944060423107451	1068.0
0.09180186352425895	0.5935820341986217	6.0	24.0	8.0	185.0	0.08362369337979095	0.027874564459930314	0.07532825814627196	0.07832637926150764	0.07157468915914873	0.07619916486891104	0.06170073926078085	0.5494979386300034	0.5709304809040872	0.5311102252741609	0.5612192577525943	0.5222039657566631	287.0
0.04106359296845299	0.6015624802210279	8.0	206.0	90.0	708.0	0.16375198728139906	0.07154213036565978	0.025059981158652964	0.027466573055836146	0.02095211035846843	0.025224973915831374	0.028010300583424786	0.5504799480904571	0.5541348111690445	0.532150345134119	0.5619989366784512	0.5716785501132517	1258.0
0.2331221374450775	0.6062506302309162	15.0	16.0	9.0	121.0	0.0851063829787234	0.047872340425531915	0.22968579004242382	0.173766441221549	0.1553298807998179	0.2288545708250391	0.21438551304978193	0.5608960623172332	0.5954862861752497	0.5774774377331833	0.5539950337803734	0.5640724261369351	188.0
