baseline_aupr	baseline_auroc	cluster_id	lagged_edges	lagged_edges2	nan_edges	percent_lagged	percent_lagged2	swing_aupr	swing_aupr2	swing_aupr3	swing_aupr4	swing_aupr5	swing_auroc	swing_auroc2	swing_auroc3	swing_auroc4	swing_auroc5	total_edges
0.06780891507631033	0.5599799802600569	1.0	143.0	116.0	741.0	0.13389513108614232	0.10861423220973783	0.05187436098573926	0.052017673022368115	0.04512959891455569	0.053817423523708656	0.04709138726525508	0.5286410485647766	0.5275184449415748	0.5007457253199388	0.5399898857603358	0.5037522023120293	1068.0
0.0947976122034014	0.5958033945717457	6.0	24.0	8.0	185.0	0.08362369337979095	0.027874564459930314	0.07464921702752995	0.07381581330079445	0.07188832612741029	0.07720129703010327	0.06111116894104016	0.5490214371685022	0.5569083844981277	0.5577588393719792	0.5591497918582977	0.508662226002026	287.0
0.04025156248170742	0.5961860489211974	8.0	206.0	90.0	708.0	0.16375198728139906	0.07154213036565978	0.027828866474237417	0.023753017766570166	0.022957350883603646	0.02550899674520763	0.02867063565710724	0.5536639819517173	0.5486724655510811	0.542179042626174	0.5638809759679226	0.5757772139756476	1258.0
0.2377949931226859	0.6024566401129325	15.0	16.0	9.0	121.0	0.0851063829787234	0.047872340425531915	0.23303267943408595	0.15732880713984904	0.150718364904518	0.22900865382386595	0.21399999025631666	0.5580033024100015	0.6091307855198117	0.6007045981647658	0.5585610567711987	0.5602406221639584	188.0
