baseline_aupr	baseline_auroc	cluster_id	lagged_edges	lagged_edges2	nan_edges	percent_lagged	percent_lagged2	swing_aupr	swing_aupr2	swing_aupr3	swing_aupr4	swing_aupr5	swing_auroc	swing_auroc2	swing_auroc3	swing_auroc4	swing_auroc5	total_edges
0.06659272238289439	0.5688739455142817	1.0	143.0	116.0	741.0	0.13389513108614232	0.10861423220973783	0.05173379594069259	0.05566450897845088	0.04944573059969452	0.05146213232959834	0.049468394167954205	0.5254339004384031	0.543128749445024	0.5258686262117799	0.5416569143900545	0.5034516767475956	1068.0
0.09440081994456008	0.5951557226823228	6.0	24.0	8.0	185.0	0.08362369337979095	0.027874564459930314	0.07325112131752103	0.07432152065733276	0.06886215413150261	0.0753080383993172	0.06036977030085058	0.547533333898762	0.5507524173967768	0.5332490845851816	0.5498371953339837	0.5110987059669847	287.0
0.04031626694785593	0.5862493254611805	8.0	206.0	90.0	708.0	0.16375198728139906	0.07154213036565978	0.02730102713940401	0.026787670110068853	0.022779266983011394	0.027443052826325524	0.027151781809771573	0.5596592776446304	0.5538298563625594	0.5309253569839527	0.5705952795649852	0.5757501034957421	1258.0
0.23696756443048134	0.6145759806393047	15.0	16.0	9.0	121.0	0.0851063829787234	0.047872340425531915	0.22839891747616897	0.17193186079858394	0.15109121319330635	0.23050354965820385	0.21228427657220983	0.5580978370474918	0.6069785469395975	0.5805246042149843	0.5506926237773521	0.5586871029545215	188.0
