baseline_aupr	baseline_auroc	cluster_id	lagged_edges	lagged_edges2	nan_edges	percent_lagged	percent_lagged2	swing_aupr	swing_aupr2	swing_aupr3	swing_aupr4	swing_aupr5	swing_auroc	swing_auroc2	swing_auroc3	swing_auroc4	swing_auroc5	total_edges
0.06522752342278426	0.5651040891758683	1.0	143.0	116.0	741.0	0.13389513108614232	0.10861423220973783	0.05191227989760602	0.05253795416805287	0.04786055364000772	0.05142522819481915	0.047082514455765556	0.5343980746822412	0.5277241495089352	0.5205569849025153	0.5406362747976103	0.5060485951318224	1068.0
0.09359629423052664	0.5853195913807183	6.0	24.0	8.0	185.0	0.08362369337979095	0.027874564459930314	0.07246423802336009	0.07679991805915293	0.06849744621334673	0.07670983360418455	0.0602265871630102	0.5452479773746651	0.5476883125294424	0.5342051716600403	0.5612038369933264	0.5044315406957744	287.0
0.03869896518868137	0.5947251890466667	8.0	206.0	90.0	708.0	0.16375198728139906	0.07154213036565978	0.02566034116128867	0.028346317638902982	0.02295347514182422	0.026823071512883784	0.02765640695943057	0.5474095719568143	0.564318236480277	0.5471789043193321	0.5625304568015832	0.5763175833908015	1258.0
0.236933088210525	0.6141663305435118	15.0	16.0	9.0	121.0	0.0851063829787234	0.047872340425531915	0.22928325104811156	0.1705561206082991	0.14525446923742188	0.22753428080490842	0.21491373540991843	0.5592448573157196	0.6006762377735196	0.5752117575879784	0.552176817585964	0.5672015226378939	188.0
