baseline_aupr	baseline_auroc	cluster_id	lagged_edges	lagged_edges2	nan_edges	percent_lagged	percent_lagged2	swing_aupr	swing_aupr2	swing_aupr3	swing_aupr4	swing_aupr5	swing_auroc	swing_auroc2	swing_auroc3	swing_auroc4	swing_auroc5	total_edges
0.06617851491391555	0.567233268387248	1.0	143.0	116.0	741.0	0.13389513108614232	0.10861423220973783	0.05228131969972342	0.053416174303852954	0.046588733687660415	0.05246863992153902	0.04523011558232802	0.540972256456981	0.5415059113970647	0.5139349855133233	0.5398463218853662	0.5016126231396127	1068.0
0.09514611897399415	0.5955898170558211	6.0	24.0	8.0	185.0	0.08362369337979095	0.027874564459930314	0.07632117478240588	0.0741823553711894	0.06734264122453686	0.07496579418158339	0.06128368466141058	0.5522281840591023	0.5459480798456082	0.5327317181116074	0.5510130282284745	0.5125397759209482	287.0
0.03905720510191147	0.5926015816673476	8.0	206.0	90.0	708.0	0.16375198728139906	0.07154213036565978	0.025819160568929	0.025596872885461554	0.02190432461326309	0.026179440701425413	0.0295497887278678	0.5549703015416698	0.5546989623238416	0.5381332049345862	0.5559022316156218	0.5793648575979309	1258.0
0.2467270290165536	0.6079900675607529	15.0	16.0	9.0	121.0	0.0851063829787234	0.047872340425531915	0.22914133501690395	0.16413404584041072	0.13842647944639622	0.22929910570117285	0.21500361404881752	0.5574486992033894	0.6112578148633622	0.5745878289805376	0.5521768175859616	0.5767180094786742	188.0
