baseline_aupr	baseline_auroc	cluster_id	lagged_edges	lagged_edges2	nan_edges	percent_lagged	percent_lagged2	swing_aupr	swing_aupr2	swing_aupr3	swing_aupr4	swing_aupr5	swing_auroc	swing_auroc2	swing_auroc3	swing_auroc4	swing_auroc5	total_edges
0.06698787482005235	0.5647740662130493	1.0	143.0	116.0	741.0	0.13389513108614232	0.10861423220973783	0.05077811948821422	0.0497868821630729	0.045392691381194554	0.05308054691018406	0.04584999879007126	0.5335086744557432	0.5269330862805939	0.5155911700555512	0.5386317100659666	0.4979598681418294	1068.0
0.09138927979555925	0.5930731491426444	6.0	24.0	8.0	185.0	0.08362369337979095	0.027874564459930314	0.0759177201920459	0.07809108485363735	0.06703529099105611	0.07540489904139093	0.06030453496813146	0.5602400395388227	0.5673644303224554	0.5308542406702494	0.5569839462185637	0.5090384925282574	287.0
0.0423192126431342	0.5971263008459595	8.0	206.0	90.0	708.0	0.16375198728139906	0.07154213036565978	0.02569621221589094	0.02655395628679674	0.02331880887021419	0.026272409774430672	0.027945654528983583	0.5518642469380916	0.5580770359583889	0.5457395054428905	0.5611176175221243	0.5729434245423992	1258.0
0.2421970276721005	0.6211965564182693	15.0	16.0	9.0	121.0	0.0851063829787234	0.047872340425531915	0.23450025485247575	0.16226331819016404	0.1672471373483287	0.22768917941462938	0.21521735188720567	0.5698547947968114	0.6099973530301495	0.6119888827266338	0.5466181809014796	0.575908162750834	188.0
