baseline_aupr	baseline_auroc	cluster_id	lagged_edges	lagged_edges2	nan_edges	percent_lagged	percent_lagged2	swing_aupr	swing_aupr2	swing_aupr3	swing_aupr4	swing_aupr5	swing_auroc	swing_auroc2	swing_auroc3	swing_auroc4	swing_auroc5	total_edges
0.06723157723179306	0.576835689350126	1.0	143.0	116.0	741.0	0.13389513108614232	0.10861423220973783	0.05034335212518944	0.05189035410206301	0.050388277352912715	0.05067964542447345	0.0476647333196711	0.5352896955409518	0.5468865773587563	0.5308663811525555	0.5410004214759978	0.4974510842829145	1068.0
0.09541727457586693	0.5964194539046541	6.0	24.0	8.0	185.0	0.08362369337979095	0.027874564459930314	0.07302851671653725	0.0764281560217882	0.07213824683953704	0.07570122165910838	0.060951648596620174	0.5513283827555804	0.5474307858496084	0.5344488196565351	0.5568775429795823	0.5115397396821647	287.0
0.04253139801710263	0.5984606568682894	8.0	206.0	90.0	708.0	0.16375198728139906	0.07154213036565978	0.025241591299605008	0.025459211958161955	0.02223709156481705	0.027911759679894867	0.028569081625565047	0.5486104619025807	0.5501554779578605	0.5325137638723143	0.5634624806428558	0.5723001689218503	1258.0
0.24542755028457572	0.6213572653020055	15.0	16.0	9.0	121.0	0.0851063829787234	0.047872340425531915	0.23363061207235503	0.1591241764202525	0.15957634343968138	0.22809849510023553	0.2100518984235219	0.5618382575375592	0.6123197539578514	0.5985838711303852	0.5597458908944244	0.5642961581123302	188.0
