baseline_aupr	baseline_auroc	cluster_id	lagged_edges	lagged_edges2	nan_edges	percent_lagged	percent_lagged2	swing_aupr	swing_aupr2	swing_aupr3	swing_aupr4	swing_aupr5	swing_auroc	swing_auroc2	swing_auroc3	swing_auroc4	swing_auroc5	total_edges
0.06430621880517846	0.5674871606744365	1.0	143.0	116.0	741.0	0.13389513108614232	0.10861423220973783	0.052749272183554935	0.052790519661329256	0.047230557960163455	0.05180367861596641	0.04361882111690913	0.5294436960913738	0.532018297121492	0.5287864999771229	0.5390893453620514	0.5014897481551549	1068.0
0.09317872605785973	0.5915171945321072	6.0	24.0	8.0	185.0	0.08362369337979095	0.027874564459930314	0.07433119888009815	0.08240989002201686	0.07730884340375023	0.07658017393528817	0.05851790949922976	0.5491609950399148	0.5667290950404561	0.5583425151104171	0.5576092580070302	0.4960588394490815	287.0
0.04061339666656395	0.5984349177355779	8.0	206.0	90.0	708.0	0.16375198728139906	0.07154213036565978	0.02625896211973116	0.026132457690466425	0.022475202936915798	0.026539163565234995	0.027193563687095593	0.5484914477160353	0.5537410352569723	0.5447438956294343	0.5605516144625309	0.5712349954686752	1258.0
0.23841198894699803	0.6133753907431693	15.0	16.0	9.0	121.0	0.0851063829787234	0.047872340425531915	0.22768644774046326	0.16209390542975266	0.13507308161368048	0.22720511327950296	0.20661611435663116	0.551776620953917	0.6030112433195514	0.5705795603509118	0.5490099072300078	0.5660734092971644	188.0
