baseline_aupr	baseline_auroc	cluster_id	lagged_edges	lagged_edges2	nan_edges	percent_lagged	percent_lagged2	swing_aupr	swing_aupr2	swing_aupr3	swing_aupr4	swing_aupr5	swing_auroc	swing_auroc2	swing_auroc3	swing_auroc4	swing_auroc5	total_edges
0.06539815208973074	0.565258830233092	1.0	143.0	116.0	741.0	0.13389513108614232	0.10861423220973783	0.05238128109811304	0.05214512260248433	0.046303315797295776	0.05277082185387931	0.0445862792612798	0.531425425321397	0.5362381645852703	0.5116030995881009	0.5417826761964322	0.4936576892426416	1068.0
0.09277647461567921	0.5991736015106219	6.0	24.0	8.0	185.0	0.08362369337979095	0.027874564459930314	0.074485411092989	0.07369407226081573	0.07442309136724948	0.0780531039259275	0.05898822234012105	0.5457059739250434	0.5522490020841172	0.5579122759267295	0.5652903382003829	0.49637110982433047	287.0
0.03916756749137117	0.5996144404505003	8.0	206.0	90.0	708.0	0.16375198728139906	0.07154213036565978	0.026810943056695152	0.026301377570974692	0.021608474145700156	0.027396066485534463	0.028335741343847337	0.5479548641569453	0.5579382017019923	0.5320317646214846	0.5604186758271081	0.5717580062064791	1258.0
0.23922905579705311	0.6104857819905185	15.0	16.0	9.0	121.0	0.0851063829787234	0.047872340425531915	0.22700765902022488	0.15747985292041433	0.15316115507884473	0.2283881916501768	0.22432185300553958	0.5544834627407478	0.6032034637491163	0.591500075627711	0.5537019764041564	0.5697476555409874	188.0
