baseline_aupr	baseline_auroc	cluster_id	lagged_edges	lagged_edges2	nan_edges	percent_lagged	percent_lagged2	swing_aupr	swing_aupr2	swing_aupr3	swing_aupr4	swing_aupr5	swing_auroc	swing_auroc2	swing_auroc3	swing_auroc4	swing_auroc5	total_edges
0.06743531603490241	0.5736848342512638	1.0	143.0	116.0	741.0	0.13389513108614232	0.10861423220973783	0.05112964141294557	0.05014197776993586	0.05078965052951528	0.050882058705849886	0.04517289237466319	0.534622062455141	0.5326504371018668	0.5423144065885774	0.5357031772657943	0.49614235466664536	1068.0
0.09106575551119413	0.5892973762349164	6.0	24.0	8.0	185.0	0.08362369337979095	0.027874564459930314	0.07436593261932799	0.07528559201343696	0.06972908361576817	0.07620504028314791	0.05973782475392373	0.5435046605389693	0.5629656587401387	0.5261539932441686	0.5583440571863415	0.49987470633091846	287.0
0.03938383915362295	0.5897327232517695	8.0	206.0	90.0	708.0	0.16375198728139906	0.07154213036565978	0.02908702410392585	0.027516027395012105	0.023056310933193283	0.026374561458763882	0.027215350468801216	0.5517615131046708	0.5635804399469675	0.5396541345064112	0.561622144374484	0.5756717843314653	1258.0
0.24690326148280034	0.6206009882020771	15.0	16.0	9.0	121.0	0.0851063829787234	0.047872340425531915	0.22306450231604658	0.16431079453575234	0.15326743612163357	0.2279355908813871	0.2072523600059181	0.5560810981143453	0.6273759705556116	0.5971784561863442	0.5569067006151034	0.5534561863466786	188.0
