baseline_aupr	baseline_auroc	cluster_id	lagged_edges	lagged_edges2	nan_edges	percent_lagged	percent_lagged2	swing_aupr	swing_aupr2	swing_aupr3	swing_aupr4	swing_aupr5	swing_auroc	swing_auroc2	swing_auroc3	swing_auroc4	swing_auroc5	total_edges
0.06587014855154022	0.5672720924410732	1.0	143.0	116.0	741.0	0.13389513108614232	0.10861423220973783	0.05120842764984371	0.05157089895339976	0.04667739408976529	0.051280114998297696	0.045715548170783625	0.5333366494775165	0.5187092338182187	0.513549631796963	0.5348230296737169	0.496186434216811	1068.0
0.09482859717578467	0.5923900095069035	6.0	24.0	8.0	185.0	0.08362369337979095	0.027874564459930314	0.07113138809163758	0.07506071627285645	0.07266341569252881	0.07780764229733486	0.06062022306637758	0.533933766296855	0.5460837825271984	0.5431815956322247	0.5660104876583829	0.5085511965352605	287.0
0.041935030904538304	0.6062511515800731	8.0	206.0	90.0	708.0	0.16375198728139906	0.07154213036565978	0.026186559957868318	0.02772771909997064	0.02334794378305031	0.026356220568216304	0.0264348691137927	0.5501417293227656	0.5583419403930263	0.5486770015457866	0.5627694228480333	0.5695253356987786	1258.0
0.24236073088935578	0.6108891297771529	15.0	16.0	9.0	121.0	0.0851063829787234	0.047872340425531915	0.22881021357802833	0.16268961845036545	0.1349360131517191	0.22654042223562668	0.2166938247851919	0.5634012302107485	0.6126537763436506	0.5616617928809097	0.5509604719169066	0.5822230765352413	188.0
