baseline_aupr	baseline_auroc	cluster_id	lagged_edges	lagged_edges2	nan_edges	percent_lagged	percent_lagged2	swing_aupr	swing_aupr2	swing_aupr3	swing_aupr4	swing_aupr5	swing_auroc	swing_auroc2	swing_auroc3	swing_auroc4	swing_auroc5	total_edges
0.06615105478672116	0.568034361471271	1.0	143.0	116.0	741.0	0.13389513108614232	0.10861423220973783	0.05047856330500283	0.054005394547195766	0.04407690545927489	0.053615847705825795	0.0464380092370513	0.5320250700498459	0.5291655619021335	0.5139903162668901	0.5400165333473125	0.5025887760659618	1068.0
0.09503615928632074	0.59927923371163	6.0	24.0	8.0	185.0	0.08362369337979095	0.027874564459930314	0.07423005031766826	0.07488036181280516	0.07117730418162597	0.0772977692211506	0.06133289311559444	0.552413233170359	0.5530007640986244	0.535865216395662	0.5603186854111196	0.5140525524055218	287.0
0.04037487168801867	0.595037715565228	8.0	206.0	90.0	708.0	0.16375198728139906	0.07154213036565978	0.028698706237469417	0.026191641250081558	0.025535133667813594	0.02563722865853809	0.028988524923966454	0.5543178684435002	0.5495695962238198	0.5386481516817635	0.5655894050415617	0.5801010952493062	1258.0
0.24334503905379407	0.6171945900978103	15.0	16.0	9.0	121.0	0.0851063829787234	0.047872340425531915	0.23122520921195572	0.15000365424084158	0.16476884288573923	0.2299444209777595	0.20759169309717845	0.5643402742764948	0.5844603962891972	0.5717486387012208	0.5535160582837522	0.5588856256932554	188.0
