baseline_aupr	baseline_auroc	cluster_id	lagged_edges	lagged_edges2	nan_edges	percent_lagged	percent_lagged2	swing_aupr	swing_aupr2	swing_aupr3	swing_aupr4	swing_aupr5	swing_auroc	swing_auroc2	swing_auroc3	swing_auroc4	swing_auroc5	total_edges
0.06236413991994357	0.5651875479379024	1.0	143.0	116.0	741.0	0.13389513108614232	0.10861423220973783	0.05244149180981667	0.05208668764004901	0.04865662378469951	0.05213828227985681	0.045088834862327065	0.5301303155829308	0.537426943049515	0.5301331283837728	0.5359339379670858	0.49172718259652154	1068.0
0.09382698818414055	0.5914647639505805	6.0	24.0	8.0	185.0	0.08362369337979095	0.027874564459930314	0.07513168231543352	0.07502043246644072	0.07024327858969559	0.07735588280772926	0.06018408532644634	0.5602122821721358	0.5552097878643235	0.5405084070124392	0.557310095277161	0.507674526370655	287.0
0.03834160763201552	0.5995390397944012	8.0	206.0	90.0	708.0	0.16375198728139906	0.07154213036565978	0.0274987163641539	0.026266014327431617	0.023394042696194047	0.02689878110176246	0.027572208364624172	0.554307460269635	0.5577160786126615	0.5375400913950231	0.5596778552973045	0.5601676020739058	1258.0
0.23832506649623011	0.6052265049914276	15.0	16.0	9.0	121.0	0.0851063829787234	0.047872340425531915	0.22414285799200442	0.16174559678186395	0.1516176750961205	0.23065956195191217	0.2090420113502375	0.5602689825552047	0.5973171069879968	0.604375693254003	0.5487861752546145	0.5548143339719654	188.0
