baseline_aupr	baseline_auroc	cluster_id	lagged_edges	lagged_edges2	nan_edges	percent_lagged	percent_lagged2	swing_aupr	swing_aupr2	swing_aupr3	swing_aupr4	swing_aupr5	swing_auroc	swing_auroc2	swing_auroc3	swing_auroc4	swing_auroc5	total_edges
0.06530269909815806	0.5647985671888521	1.0	143.0	116.0	741.0	0.13389513108614232	0.10861423220973783	0.05442360804211405	0.05815914107250622	0.04467573619222756	0.04994128067969101	0.044752055305542174	0.5356640201171605	0.5509380838875008	0.5129527998693758	0.5399505805695023	0.506690024757087	1068.0
0.09598069688916433	0.5898671732900121	6.0	24.0	8.0	185.0	0.08362369337979095	0.027874564459930314	0.07555592065749356	0.07715682407466183	0.06939549487210551	0.07786704280540842	0.06126476187199457	0.5555459604164515	0.5614536532935347	0.546546405305366	0.565176224581774	0.513859021876662	287.0
0.04318416082106102	0.5977503576051585	8.0	206.0	90.0	708.0	0.16375198728139906	0.07154213036565978	0.028041781235865954	0.027737089159620136	0.02386853130775448	0.025794920101470352	0.028912413836664548	0.5536293700851035	0.5542860344341648	0.5438267807940383	0.5579781583064707	0.5620800923045649	1258.0
0.24342420587336794	0.6222301351215106	15.0	16.0	9.0	121.0	0.0851063829787234	0.047872340425531915	0.236032160973143	0.15477627235113237	0.1498099117056325	0.23428301659356157	0.2116559788808589	0.5728231824140343	0.5966301552888981	0.5860265201169682	0.5648287032368661	0.5645986689523022	188.0
