baseline_aupr	baseline_auroc	cluster_id	lagged_edges	lagged_edges2	nan_edges	percent_lagged	percent_lagged2	swing_aupr	swing_aupr2	swing_aupr3	swing_aupr4	swing_aupr5	swing_auroc	swing_auroc2	swing_auroc3	swing_auroc4	swing_auroc5	total_edges
0.066670654191516	0.5658032552396102	1.0	143.0	116.0	741.0	0.13389513108614232	0.10861423220973783	0.05432391677068038	0.050186457418438676	0.04697801569367109	0.05158694312027603	0.046015804693169154	0.5331799838723056	0.513616990975204	0.5229667409986373	0.5352129356861938	0.5048370921975271	1068.0
0.09517277912998752	0.5894253685368682	6.0	24.0	8.0	185.0	0.08362369337979095	0.027874564459930314	0.0748877973135408	0.07563778388532875	0.07367181386547152	0.07700229317290291	0.059240759250908055	0.5532883612590422	0.5555552128720129	0.5555313106951437	0.5603911629796917	0.5012764533487345	287.0
0.0421760093141125	0.6011980183212705	8.0	206.0	90.0	708.0	0.16375198728139906	0.07154213036565978	0.02612303431759266	0.0256156773487307	0.023176973398307297	0.027871152973724004	0.028460342580539887	0.5545763146531623	0.5637029352457128	0.532074006804698	0.5582644768556849	0.5731302325101713	1258.0
0.24282573569228194	0.6131106937581917	15.0	16.0	9.0	121.0	0.0851063829787234	0.047872340425531915	0.22223969623016396	0.17189466280098475	0.1672982140051395	0.22655430963353157	0.2183768840714157	0.5596734143390132	0.6038368458203106	0.6087715538973455	0.5519341786830712	0.5538469295149718	188.0
