baseline_aupr	baseline_auroc	cluster_id	lagged_edges	lagged_edges2	nan_edges	percent_lagged	percent_lagged2	swing_aupr	swing_aupr2	swing_aupr3	swing_aupr4	swing_aupr5	swing_auroc	swing_auroc2	swing_auroc3	swing_auroc4	swing_auroc5	total_edges
0.06737706104161553	0.5664766989798407	1.0	143.0	116.0	741.0	0.13389513108614232	0.10861423220973783	0.05260110891016333	0.053807528188621806	0.04781417020884375	0.052584715550852194	0.04592163311673813	0.5340157928404965	0.5208566962351289	0.5191894455421716	0.5382191906150803	0.495554331246975	1068.0
0.0919047025869186	0.5960740288969578	6.0	24.0	8.0	185.0	0.08362369337979095	0.027874564459930314	0.07403557586254476	0.07436196165204448	0.06975069174759316	0.07660362637875852	0.060441722036583025	0.5423588981250674	0.5443659099443083	0.5468540494528317	0.5559453580815947	0.5099120785410121	287.0
0.04019053688542787	0.6006092063580029	8.0	206.0	90.0	708.0	0.16375198728139906	0.07154213036565978	0.027223162857416133	0.026056586259275233	0.02402085509604458	0.027038075414101866	0.028355409997464276	0.5531490000417298	0.5479272731193663	0.5441706256015686	0.5597328146749678	0.5652930651087299	1258.0
0.2361409719980067	0.6085856357769497	15.0	16.0	9.0	121.0	0.0851063829787234	0.047872340425531915	0.22633532794157848	0.1726174140327489	0.16612064676703536	0.22472610842764215	0.20540917507458142	0.5510991227185614	0.6041109962690311	0.5979252798225232	0.5575148734496292	0.5641953211656752	188.0
