baseline_aupr	baseline_auroc	cluster_id	lagged_edges	lagged_edges2	nan_edges	percent_lagged	percent_lagged2	swing_aupr	swing_aupr2	swing_aupr3	swing_aupr4	swing_aupr5	swing_auroc	swing_auroc2	swing_auroc3	swing_auroc4	swing_auroc5	total_edges
0.06581968182854132	0.5649686676191655	1.0	143.0	116.0	741.0	0.13389513108614232	0.10861423220973783	0.05178534888373663	0.050452896980123944	0.04459692674179775	0.04963199818798408	0.04481711308202369	0.5316450828614148	0.5321250355116114	0.503147265076714	0.5409836557025068	0.4935688269421271	1068.0
0.09156805673151899	0.5881392772135966	6.0	24.0	8.0	185.0	0.08362369337979095	0.027874564459930314	0.07409380923486475	0.07562763950108314	0.06711704580034047	0.07808512209329153	0.06194517019100513	0.552529659902866	0.5573517313271915	0.5396132319367041	0.5652286551632971	0.5111688704216735	287.0
0.041071298565668206	0.5956898439196291	8.0	206.0	90.0	708.0	0.16375198728139906	0.07154213036565978	0.02574328040241983	0.02503156735383074	0.022116526995414495	0.02657493203741937	0.028882152757202514	0.5522652898184294	0.5490654678825945	0.5379928352381628	0.5657765997996356	0.5711277256405358	1258.0
0.2404332190269099	0.607643440556617	15.0	16.0	9.0	121.0	0.0851063829787234	0.047872340425531915	0.2252891915756497	0.15890440330488084	0.14816950481717625	0.2302894261359314	0.21694572116729352	0.5674914288595332	0.5913929363718845	0.595098694161535	0.556991781788846	0.5610882827467948	188.0
