baseline_aupr	baseline_auroc	cluster_id	lagged_edges	lagged_edges2	nan_edges	percent_lagged	percent_lagged2	swing_aupr	swing_aupr2	swing_aupr3	swing_aupr4	swing_aupr5	swing_auroc	swing_auroc2	swing_auroc3	swing_auroc4	swing_auroc5	total_edges
0.06556503725035505	0.5649914661102718	1.0	143.0	116.0	741.0	0.13389513108614232	0.10861423220973783	0.05365403786506595	0.05160249495406433	0.04882002816261218	0.05198800931159376	0.04514907311410406	0.533424549504042	0.5360480044436265	0.5070198626672315	0.540274977930613	0.5050584522222774	1068.0
0.09479394865574335	0.5853334700640653	6.0	24.0	8.0	185.0	0.08362369337979095	0.027874564459930314	0.0737544251781142	0.07403382533966865	0.0745129951596538	0.07658924572391582	0.06387260364050613	0.5583587069076543	0.5626911692251003	0.5402516513705581	0.5539768981605312	0.5151613049971732	287.0
0.04117190682965516	0.597807250934062	8.0	206.0	90.0	708.0	0.16375198728139906	0.07154213036565978	0.027741836010050328	0.023989385089159605	0.021418016015716166	0.027032938500130926	0.027591940322569553	0.5534373697513273	0.5427217913873933	0.5279075608819775	0.5656578434732479	0.5717233591771362	1258.0
0.23695446537184253	0.6152156650196624	15.0	16.0	9.0	121.0	0.0851063829787234	0.047872340425531915	0.23003542391929105	0.171349545267869	0.13913637782409818	0.2275224872331299	0.21230089796889826	0.5634169859836623	0.6057905616617939	0.5672235807199753	0.5521957245134615	0.5690701573056358	188.0
