baseline_aupr	baseline_auroc	cluster_id	lagged_edges	lagged_edges2	nan_edges	percent_lagged	percent_lagged2	swing_aupr	swing_aupr2	swing_aupr3	swing_aupr4	swing_aupr5	swing_auroc	swing_auroc2	swing_auroc3	swing_auroc4	swing_auroc5	total_edges
0.0659907051475642	0.5630748384156986	1.0	143.0	116.0	741.0	0.13389513108614232	0.10861423220973783	0.053504928958788854	0.054650254350450254	0.04435904005998035	0.05146162546896225	0.04504180273298834	0.5297212011015057	0.541129884336146	0.5100638313337994	0.5473417329488581	0.4956872730976506	1068.0
0.09517695030786448	0.5935696975911955	6.0	24.0	8.0	185.0	0.08362369337979095	0.027874564459930314	0.07554079544780774	0.07741828042842185	0.06700855684905668	0.07730072458222821	0.06090261769240628	0.5555081795562397	0.5628492320076345	0.5262611675211061	0.5537733441381462	0.5067253786374681	287.0
0.039898432878132724	0.6001286487799232	8.0	206.0	90.0	708.0	0.16375198728139906	0.07154213036565978	0.027850863911351716	0.023745928270880342	0.022583449381863956	0.0279237648043731	0.028253244047054267	0.5517774066675077	0.5401435530973909	0.5384760886270572	0.5595819782000974	0.5714604472982899	1258.0
0.24148795462490064	0.6180611576081476	15.0	16.0	9.0	121.0	0.0851063829787234	0.047872340425531915	0.23461121382635167	0.154603709020737	0.12977780406925835	0.23114846737336409	0.21555611997604815	0.5589549510940782	0.6027276394070746	0.5445415700312579	0.5621470706866984	0.5704283049309279	188.0
