baseline_aupr	baseline_auroc	cluster_id	lagged_edges	lagged_edges2	nan_edges	percent_lagged	percent_lagged2	swing_aupr	swing_aupr2	swing_aupr3	swing_aupr4	swing_aupr5	swing_auroc	swing_auroc2	swing_auroc3	swing_auroc4	swing_auroc5	total_edges
0.061412529744802595	0.5675466366081882	1.0	143.0	116.0	741.0	0.13389513108614232	0.10861423220973783	0.054931631842165395	0.054825765271615784	0.049950761929972644	0.05179023515071118	0.04548267273129049	0.5374643607029183	0.5381966141872093	0.5073100622916846	0.5351620461971573	0.499016074860766	1068.0
0.09583435876791986	0.5983015575737951	6.0	24.0	8.0	185.0	0.08362369337979095	0.027874564459930314	0.07467052583792855	0.07761626148132192	0.07179278547553908	0.07719069295029822	0.0616438976574835	0.5430859869247363	0.5488988421322932	0.5501008903175404	0.5539236965410473	0.5137125246635771	287.0
0.04336792346719073	0.5936888607691546	8.0	206.0	90.0	708.0	0.16375198728139906	0.07154213036565978	0.026660823992756592	0.027675457152845487	0.022883787954297	0.026329347407449456	0.027533166527462443	0.5510795784595899	0.5717519699344952	0.5463883402197842	0.5646681996062506	0.5773927547857525	1258.0
0.24673855287491706	0.6171284158515699	15.0	16.0	9.0	121.0	0.0851063829787234	0.047872340425531915	0.22897625096083185	0.1646494893403991	0.14614956399076123	0.22933688936320726	0.22017536441984614	0.5594150196632024	0.5979788494504352	0.5664546990017153	0.554707194716143	0.5593330896440449	188.0
