baseline_aupr	baseline_auroc	cluster_id	lagged_edges	lagged_edges2	nan_edges	percent_lagged	percent_lagged2	swing_aupr	swing_aupr2	swing_aupr3	swing_aupr4	swing_aupr5	swing_auroc	swing_auroc2	swing_auroc3	swing_auroc4	swing_auroc5	total_edges
0.06705771190268946	0.571369751110037	1.0	143.0	116.0	741.0	0.13389513108614232	0.10861423220973783	0.050322432891325486	0.049794923749232466	0.047026617319823334	0.05216286483364465	0.04685435441386257	0.5276352501978969	0.5174273368416251	0.5252377075791568	0.5437122945896645	0.5109560443611115	1068.0
0.09586517635618501	0.5875995506390799	6.0	24.0	8.0	185.0	0.08362369337979095	0.027874564459930314	0.0753432184459305	0.08007175869210606	0.06765305711242907	0.07574865473812148	0.06129241305820399	0.5521834638572134	0.5653959704013942	0.5416880950967424	0.552388559955522	0.5126639130330916	287.0
0.03872707241781537	0.5969393287852927	8.0	206.0	90.0	708.0	0.16375198728139906	0.07154213036565978	0.027222598613202663	0.02472132957522272	0.02298250927303314	0.02522071156744144	0.028361710325834028	0.5546140208417139	0.558621074020414	0.5424217124821703	0.5622749408210981	0.5680746261379461	1258.0
0.2333856291489969	0.6115729303216699	15.0	16.0	9.0	121.0	0.0851063829787234	0.047872340425531915	0.238509472667533	0.15844342155649213	0.14870201533789182	0.22865042345117104	0.20079385170339362	0.5556021226177253	0.6123481143491009	0.5791160381163631	0.5559991680951861	0.5595505193102749	188.0
