baseline_aupr	baseline_auroc	cluster_id	lagged_edges	lagged_edges2	nan_edges	percent_lagged	percent_lagged2	swing_aupr	swing_aupr2	swing_aupr3	swing_aupr4	swing_aupr5	swing_auroc	swing_auroc2	swing_auroc3	swing_auroc4	swing_auroc5	total_edges
0.0692187242933696	0.567927326996835	1.0	143.0	116.0	741.0	0.13389513108614232	0.10861423220973783	0.052928185902937464	0.052762832102699546	0.049333058407763364	0.05261481810097304	0.04635693398942897	0.5253695761242329	0.5367060518002433	0.5359712815994099	0.5439790295333713	0.4963616791118361	1068.0
0.09280867179971367	0.5919960091075049	6.0	24.0	8.0	185.0	0.08362369337979095	0.027874564459930314	0.07368876868928437	0.07422240911147296	0.07434984563583275	0.07699249113856113	0.06022015555518184	0.550526503273438	0.5544626520775956	0.5510261358738537	0.5632262695718322	0.5126700813367969	287.0
0.04029729323783381	0.5944595227524122	8.0	206.0	90.0	708.0	0.16375198728139906	0.07154213036565978	0.027606140802912165	0.026443758269345738	0.02280147058685238	0.026364026164691422	0.026174349023827113	0.5506386024167035	0.55403409333316	0.5353391845711348	0.5637113391428398	0.5702130721975779	1258.0
0.24018942213927252	0.6082894272461432	15.0	16.0	9.0	121.0	0.0851063829787234	0.047872340425531915	0.22545884669030375	0.1485512136046156	0.152413263905799	0.23345221203678057	0.21381018398450424	0.5546189623878187	0.5953633911465112	0.5826673893314469	0.5654053645255619	0.5639904961177737	188.0
