baseline_aupr	baseline_auroc	cluster_id	lagged_edges	lagged_edges2	nan_edges	percent_lagged	percent_lagged2	swing_aupr	swing_aupr2	swing_aupr3	swing_aupr4	swing_aupr5	swing_auroc	swing_auroc2	swing_auroc3	swing_auroc4	swing_auroc5	total_edges
0.06462881341129176	0.5678926111126668	1.0	143.0	116.0	741.0	0.13389513108614232	0.10861423220973783	0.05355933660686064	0.054512586989939014	0.04552806834826182	0.05233091688358721	0.044978281437614086	0.5319976082310202	0.5390963773641645	0.5115937359221149	0.5381357688635687	0.5021311777804035	1068.0
0.09809661603329439	0.594942145166408	6.0	24.0	8.0	185.0	0.08362369337979095	0.027874564459930314	0.07237019289439957	0.07704648753924098	0.07038381798996068	0.07641058796738322	0.061329061231307797	0.5478494594638332	0.5560178356501729	0.5302004004771174	0.5650011989640286	0.5138806109396422	287.0
0.04198730712830148	0.6025500612066662	8.0	206.0	90.0	708.0	0.16375198728139906	0.07154213036565978	0.0267443974019078	0.026068630987225574	0.02378723787265877	0.0256494929762154	0.026656008463358236	0.5495056000195007	0.5565496598824403	0.5320387502877324	0.5571503802968172	0.5696022952367988	1258.0
0.23471548659318056	0.6074638247453852	15.0	16.0	9.0	121.0	0.0851063829787234	0.047872340425531915	0.22828856562381528	0.18088738075892594	0.16501288732404454	0.22682650874124263	0.20297423850893156	0.5668769537158383	0.6092190178481358	0.6045458556014898	0.5508312745790049	0.5604990168397684	188.0
