baseline_aupr	baseline_auroc	cluster_id	lagged_edges	lagged_edges2	nan_edges	percent_lagged	percent_lagged2	swing_aupr	swing_aupr2	swing_aupr3	swing_aupr4	swing_aupr5	swing_auroc	swing_auroc2	swing_auroc3	swing_auroc4	swing_auroc5	total_edges
0.06695171895108573	0.5604160384128033	1.0	143.0	116.0	741.0	0.13389513108614232	0.10861423220973783	0.05375694815921052	0.053996249551665265	0.05024583402008797	0.05502722701769751	0.04698397486744816	0.5257774322474004	0.5393894638105712	0.5268385613678306	0.5397097530020357	0.50839439701914	1068.0
0.09259179647263995	0.5869441683700201	6.0	24.0	8.0	185.0	0.08362369337979095	0.027874564459930314	0.0730892290798476	0.0770726389465056	0.07609718252641469	0.07927016375734137	0.05976901715635881	0.5504247262622549	0.554682397897231	0.5256296874289199	0.5648577859028031	0.4996171796510749	287.0
0.04181416056350397	0.6021452090284929	8.0	206.0	90.0	708.0	0.16375198728139906	0.07154213036565978	0.02692930554215042	0.02617655286263201	0.02286359919441499	0.026758166065480857	0.028857050713566198	0.5468642680357648	0.5486229681205435	0.5486482149747387	0.5619123542679673	0.568064112475801	1258.0
0.24039490417294943	0.6147335383684568	15.0	16.0	9.0	121.0	0.0851063829787234	0.047872340425531915	0.23399321316885638	0.148447080574942	0.1679790337364169	0.22659812401843937	0.2103206087044431	0.562941161641624	0.5774868911969324	0.6081066602803243	0.5553815417969139	0.5631711959261878	188.0
