baseline_aupr	baseline_auroc	cluster_id	lagged_edges	lagged_edges2	nan_edges	percent_lagged	percent_lagged2	swing_aupr	swing_aupr2	swing_aupr3	swing_aupr4	swing_aupr5	swing_auroc	swing_auroc2	swing_auroc3	swing_auroc4	swing_auroc5	total_edges
0.06668901966386037	0.5637066082907115	1.0	143.0	116.0	741.0	0.13389513108614232	0.10861423220973783	0.053489956225757716	0.050949336650396956	0.046968911852134726	0.05093479817327671	0.04499677900461992	0.5346874230643394	0.5288645552006881	0.5152128113308055	0.535652139734621	0.4992973179351662	1068.0
0.09498358442799568	0.598529784811019	6.0	24.0	8.0	185.0	0.08362369337979095	0.027874564459930314	0.07383865671124216	0.0714636071147179	0.06912289686022659	0.0775348694641745	0.06168487638151892	0.5580726518231582	0.5431538382655346	0.543618774157586	0.561324118915649	0.510952979791863	287.0
0.0396841585988046	0.601382107036323	8.0	206.0	90.0	708.0	0.16375198728139906	0.07154213036565978	0.02804832998399086	0.02736492453991893	0.02299796418986511	0.027979313317630206	0.028567746048941328	0.5474000194098539	0.5519542752980925	0.5424541794209918	0.5627182258845367	0.5742340615460548	1258.0
0.24090826971699292	0.6071991277604109	15.0	16.0	9.0	121.0	0.0851063829787234	0.047872340425531915	0.22478352528047732	0.16068134029743902	0.15331239626956758	0.2281574759013173	0.20988072184373824	0.5569382121609333	0.594323510134113	0.6110372340425505	0.5585547544620331	0.5750951648684054	188.0
