baseline_aupr	baseline_auroc	cluster_id	lagged_edges	lagged_edges2	nan_edges	percent_lagged	percent_lagged2	swing_aupr	swing_aupr2	swing_aupr3	swing_aupr4	swing_aupr5	swing_auroc	swing_auroc2	swing_auroc3	swing_auroc4	swing_auroc5	total_edges
0.06593617856882923	0.5657548084460371	1.0	143.0	116.0	741.0	0.13389513108614232	0.10861423220973783	0.05304493579308374	0.05002149992152735	0.04579543705518825	0.05312607342551605	0.045770098948435284	0.5362449745241706	0.5284190963714216	0.5164841603041954	0.5352814792016323	0.5000234646807791	1068.0
0.09055219237372128	0.5920098877908526	6.0	24.0	8.0	185.0	0.08362369337979095	0.027874564459930314	0.07450126235602353	0.07530338803091097	0.07495596747787601	0.07832893100231361	0.061039283890663765	0.5592615923630263	0.5615053128370886	0.5361150326958644	0.5671608763000712	0.506391519199227	287.0
0.03848490597786092	0.5945779977767918	8.0	206.0	90.0	708.0	0.16375198728139906	0.07154213036565978	0.02687102674970114	0.0247468665925139	0.02406597722469362	0.026330740161908478	0.028484015835633723	0.553509664364543	0.5520118015564188	0.5393109929538488	0.5577345390562612	0.5679822887574628	1258.0
0.24281613657642465	0.623670212765955	15.0	16.0	9.0	121.0	0.0851063829787234	0.047872340425531915	0.2326989940817428	0.15848864967676038	0.16212475358522446	0.23709758826258626	0.2077792282531197	0.5682666128869636	0.6027370928708271	0.5813186951699075	0.5632783351820098	0.5690607038418851	188.0
