baseline_aupr	baseline_auroc	cluster_id	lagged_edges	lagged_edges2	nan_edges	percent_lagged	percent_lagged2	swing_aupr	swing_aupr2	swing_aupr3	swing_aupr4	swing_aupr5	swing_auroc	swing_auroc2	swing_auroc3	swing_auroc4	swing_auroc5	total_edges
0.06541936583159509	0.5648300631562835	1.0	143.0	116.0	741.0	0.13389513108614232	0.10861423220973783	0.05298363178499172	0.05480625389126374	0.045579629978348454	0.05234732293304937	0.04604627270753092	0.535473711933362	0.549019124529071	0.5108268775852712	0.5424505683560223	0.5009442498430285	1068.0
0.09505282368728761	0.5977664572270585	6.0	24.0	8.0	185.0	0.08362369337979095	0.027874564459930314	0.07380058617523012	0.07805750999362024	0.06568021174435755	0.07683430858085699	0.060393391222829745	0.5473058776994987	0.5563540082023009	0.5166694552539708	0.5598121134690336	0.502783832567564	287.0
0.04169858443957555	0.6000063410158467	8.0	206.0	90.0	708.0	0.16375198728139906	0.07154213036565978	0.025212859964744712	0.025913378348349437	0.024506712526327537	0.026751735842747114	0.028950811471161908	0.5527640265380527	0.5593089863329721	0.5477770812948861	0.5656432860948807	0.5690968658737598	1258.0
0.23571114365838033	0.6078986840778438	15.0	16.0	9.0	121.0	0.0851063829787234	0.047872340425531915	0.23186686185383645	0.15820214446916625	0.14641850825618694	0.22545499090443832	0.20435418450979892	0.5714839417162437	0.6098082837551657	0.6004272965614557	0.5422475294948068	0.5636848341232245	188.0
