baseline_aupr	baseline_auroc	cluster_id	lagged_edges	lagged_edges2	nan_edges	percent_lagged	percent_lagged2	swing_aupr	swing_aupr2	swing_aupr3	swing_aupr4	swing_aupr5	swing_auroc	swing_auroc2	swing_auroc3	swing_auroc4	swing_auroc5	total_edges
0.06552394727473788	0.5627016611661545	1.0	143.0	116.0	741.0	0.13389513108614232	0.10861423220973783	0.05045045766679949	0.05078330363488588	0.04717420693724554	0.050554278454664536	0.04365892871762002	0.5369124965783899	0.5229738470218385	0.5152419016132721	0.5432680571081555	0.49676542706533316	1068.0
0.09617305707802555	0.5961927687433554	6.0	24.0	8.0	185.0	0.08362369337979095	0.027874564459930314	0.07408077886873445	0.07461769460195694	0.0729626407193932	0.07340200938564838	0.06211590010955453	0.5505542606401297	0.5526044505853343	0.5487161061349145	0.5488764820313462	0.5150734066693231	287.0
0.0410491156742395	0.5973971243434375	8.0	206.0	90.0	708.0	0.16375198728139906	0.07154213036565978	0.02579625793936998	0.025861283149999286	0.02359328096183808	0.027516767516813815	0.028152351560092145	0.5448375809153513	0.564675372807245	0.5502221699729754	0.5577476430408898	0.5728499971167154	1258.0
0.24176512312877113	0.6191325501663809	15.0	16.0	9.0	121.0	0.0851063829787234	0.047872340425531915	0.22776844312570582	0.1557155295059981	0.13530532793214956	0.2262184134186217	0.21976008618978493	0.5638549964707056	0.5921240042351491	0.5817819148936163	0.559027427649489	0.5681846828678014	188.0
