baseline_aupr	baseline_auroc	cluster_id	lagged_edges	lagged_edges2	nan_edges	percent_lagged	percent_lagged2	swing_aupr	swing_aupr2	swing_aupr3	swing_aupr4	swing_aupr5	swing_auroc	swing_auroc2	swing_auroc3	swing_auroc4	swing_auroc5	total_edges
0.06625520336406501	0.5651869927798558	1.0	143.0	116.0	741.0	0.13389513108614232	0.10861423220973783	0.05371451486833435	0.052468962436348104	0.04538450027955358	0.05220839045080507	0.04437610883355861	0.5298290498077547	0.5373781631610864	0.5085723436833838	0.5396454656984099	0.5011644995516543	1068.0
0.09281004697430062	0.5867652875624703	6.0	24.0	8.0	185.0	0.08362369337979095	0.027874564459930314	0.07167951573554218	0.07694759812458604	0.07561382002305352	0.07565460814166193	0.06164820633133239	0.5462256535125068	0.5564156912393897	0.5425292975150231	0.5548666759705242	0.5136971039043049	287.0
0.04092085027793071	0.6012212022941048	8.0	206.0	90.0	708.0	0.16375198728139906	0.07154213036565978	0.025875587023303098	0.023769517562820745	0.021647433781724713	0.026054521831857573	0.02824852823313416	0.5519662657956814	0.5534550331725364	0.5221486174710048	0.5584942888661967	0.5698215584224489	1258.0
0.2398027209426187	0.6113807098921076	15.0	16.0	9.0	121.0	0.0851063829787234	0.047872340425531915	0.2358941220799406	0.15751583370401545	0.16334356995165814	0.2279243201179374	0.20914973129806533	0.5649011797922746	0.6140087728143581	0.6227217152364581	0.5644946808510627	0.5696058535847552	188.0
