baseline_aupr	baseline_auroc	cluster_id	lagged_edges	lagged_edges2	nan_edges	percent_lagged	percent_lagged2	swing_aupr	swing_aupr2	swing_aupr3	swing_aupr4	swing_aupr5	swing_auroc	swing_auroc2	swing_auroc3	swing_auroc4	swing_auroc5	total_edges
0.06445399608781392	0.5713355163628756	1.0	143.0	116.0	741.0	0.13389513108614232	0.10861423220973783	0.05138406545008416	0.049443499986167996	0.04663642279081526	0.05168228069980195	0.046075169333839296	0.5345996710799681	0.5269024045450299	0.5207757541896325	0.5428343306192721	0.5010560956873343	1068.0
0.09616653529888122	0.5935527347560046	6.0	24.0	8.0	185.0	0.08362369337979095	0.027874564459930314	0.07195167266950253	0.0756990501991716	0.06817364646536757	0.07576884880905581	0.062183472217331885	0.5370125208854928	0.5625215408731106	0.5170179644135179	0.5605422864205509	0.5230736965795969	287.0
0.04015895003741468	0.5957183960722823	8.0	206.0	90.0	708.0	0.16375198728139906	0.07154213036565978	0.025206074560040787	0.024896723764924106	0.025063404836315067	0.02734605612612585	0.028704132727409078	0.5444793897059438	0.5574951627777729	0.5480514445092113	0.5662874442260676	0.5680248825681491	1258.0
0.23681369689395285	0.6017224210950908	15.0	16.0	9.0	121.0	0.0851063829787234	0.047872340425531915	0.2274589367573758	0.1553194180669906	0.15505322775782296	0.23354472147602048	0.2083569775844522	0.5658591307855168	0.5989746142986776	0.6222868559040027	0.5494668246445468	0.5640535192094353	188.0
