baseline_aupr	baseline_auroc	cluster_id	lagged_edges	lagged_edges2	nan_edges	percent_lagged	percent_lagged2	swing_aupr	swing_aupr2	swing_aupr3	swing_aupr4	swing_aupr5	swing_auroc	swing_auroc2	swing_auroc3	swing_auroc4	swing_auroc5	total_edges
0.06709958613578144	0.563281394225442	1.0	143.0	116.0	741.0	0.13389513108614232	0.10861423220973783	0.05359629718368683	0.057312840791121644	0.05157784465684702	0.05288833766761064	0.044713869399434066	0.5332344633834796	0.549344558185221	0.5334809535631825	0.540320833986581	0.49854789156150153	1068.0
0.0967943432242204	0.5963685653990514	6.0	24.0	8.0	185.0	0.08362369337979095	0.027874564459930314	0.07461814182093211	0.07672415247571004	0.06968117550019287	0.07574171651152457	0.06017654087395072	0.547317443268951	0.5623418890275876	0.5549715371335711	0.5619756459948769	0.5049882301054849	287.0
0.0406377252406706	0.5937949116219021	8.0	206.0	90.0	708.0	0.16375198728139906	0.07154213036565978	0.028476587390821578	0.024701292014576694	0.024515586490240243	0.02698963949401741	0.028143268239467993	0.5581990155367522	0.5496693295026164	0.5369545495675178	0.5572200142620363	0.5592110111915846	1258.0
0.24191696646609984	0.6143396440455786	15.0	16.0	9.0	121.0	0.0851063829787234	0.047872340425531915	0.22608657131262405	0.1604907593926641	0.14272454685554745	0.22307999616924779	0.21504513138753806	0.5614758747605096	0.5937689069274984	0.59108412322275	0.5608740042351498	0.5695491328022569	188.0
