baseline_aupr	baseline_auroc	cluster_id	lagged_edges	lagged_edges2	nan_edges	percent_lagged	percent_lagged2	swing_aupr	swing_aupr2	swing_aupr3	swing_aupr4	swing_aupr5	swing_auroc	swing_auroc2	swing_auroc3	swing_auroc4	swing_auroc5	total_edges
0.06748996788897085	0.5659931192969437	1.0	143.0	116.0	741.0	0.13389513108614232	0.10861423220973783	0.052428506509429006	0.05370835538940941	0.04723092844327158	0.051127840946817237	0.046610377698556964	0.5326072828151522	0.5480004094845713	0.5221478088355402	0.5360222451095442	0.49927644399203025	1068.0
0.09357541972160735	0.5966129844335192	6.0	24.0	8.0	185.0	0.08362369337979095	0.027874564459930314	0.07199469872043303	0.07512936946377642	0.07845756271207541	0.07593330875954146	0.06057557533455021	0.5416611087680165	0.5469126483380653	0.5563131431902323	0.5565614174145058	0.5033281853698629	287.0
0.04106278687703359	0.5999233803685977	8.0	206.0	90.0	708.0	0.16375198728139906	0.07154213036565978	0.027203382040137322	0.027300444496354274	0.02357351237989438	0.027000015345186812	0.027981138950019392	0.5530901844825526	0.5719232594087064	0.5372946202399579	0.5582299587564026	0.5672937903990531	1258.0
0.2422045856330552	0.6158175355450238	15.0	16.0	9.0	121.0	0.0851063829787234	0.047872340425531915	0.2254316389258462	0.1606915272238031	0.15290481315340773	0.23096474633776445	0.216346275530201	0.5689346576585648	0.6146957245134568	0.59136772713522	0.5522713522234552	0.5689850761318938	188.0
