YER111C	YLR182W	YLR183C	YPR104C	YOR344C	YMR037C	YGL162W	YPR065W	YHL027W	YBR182C
0.5076230	0.6579279	0.4063767	0.6989681	0.2430158	0.4563309	0.0583986	0.0698584	0.7865404	0.7922040
