YDL020C	YKL062W	YDR216W	YDR451C	YMR016C	YNL167C	YGL181W	YGL071W	YKL015W	YKL109W
0.9325549	0.9963301	0.3504100	0.0644591	0.9967793	0.8431042	0.6040113	0.6379193	0.6080892	0.0692934
