YOL108C	YIR018W	YJR060W	YGL096W	YKL043W	YER111C	YLR182W	YLR183C	YPR104C	YOR344C
0.3697232	0.3327461	0.1709650	0.4700031	0.9899808	0.0901133	0.0521580	0.6014577	0.9805749	0.8371449
