YOL108C	YIR018W	YJR060W	YGL096W	YKL043W	YER111C	YLR182W	YLR183C	YPR104C	YOR344C
0.024584686288211005	0.022576501735060848	0.0	0.025154606014500782	0.026453145404079895	0.023488614030784127	0.0	0.02823896589992274	0.02059983740650011	0.02123554440216507
0.024584686288211005	0.022576501735060848	0.0	0.025154606014500782	0.026453145404079895	0.0	0.0261786595292678	0.02823896589992274	0.02059983740650011	0.02123554440216507
0.024584686288211005	0.022576501735060848	0.0	0.025154606014500782	0.026453145404079895	0.023488614030784127	0.0261786595292678	0.02823896589992274	0.0	0.02123554440216507
0.024584686288211005	0.022576501735060848	0.02327199853517034	0.025154606014500782	0.026453145404079895	0.0	0.0	0.02823896589992274	0.02059983740650011	0.02123554440216507
0.024584686288211005	0.022576501735060848	0.02327199853517034	0.025154606014500782	0.026453145404079895	0.0	0.0261786595292678	0.02823896589992274	0.0	0.02123554440216507
0.024584686288211005	0.022576501735060848	0.02327199853517034	0.025154606014500782	0.026453145404079895	0.023488614030784127	0.0	0.02823896589992274	0.0	0.02123554440216507
