YGL181W	YGL071W	YKL015W	YKL109W	YGL035C	YGL209W	YCR065W	YER040W	YEL009C	YDR259C
0.5143502	0.6120712	0.5892389	0.7825009	0.3965535	1.0086310	0.2290467	0.9808685	0.1313529	0.9195069
