YCR065W	YER040W	YEL009C	YDR259C	YPL177C	YML099C	YKR034W	YCL067C	YJL110C	YFL021W
0.5817578	0.0959989	0.1160736	0.2483826	0.9053046	0.0219076	0.2538194	0.7918853	0.0609928	0.4605678
