YBR049C	YDL020C	YKL062W	YDR216W	YDR451C	YMR016C	YNL167C	YGL181W	YGL071W	YKL015W
0.8391160	0.5418553	0.7462280	0.1054299	0.7634072	0.7924907	0.7919291	0.4262609	0.2131690	0.3802899
