YKR034W	YCL067C	YJL110C	YFL021W	YDR146C	YHR084W	YBR083W	YLR256W	YBR112C	YNL068C
0.6100155	0.2578222	0.4877209	0.7244105	0.6548988	0.9996485	0.0398507	0.8452249	1.0000000	1.0000000
