YER040W	YEL009C	YDR259C	YPL177C	YML099C	YKR034W	YCL067C	YJL110C	YFL021W	YDR146C
0.3363846	0.5416367	0.0510222	0.2019020	0.1709142	0.2640007	0.3636847	0.7295784	0.6505227	0.6901177
