YCL067C	YJL110C	YFL021W	YDR146C	YHR084W	YBR083W	YLR256W	YBR112C	YNL068C	YIR023W
0.2191393	0.5559477	0.5970271	0.9447936	0.0389094	0.0134992	0.0418779	1.0000000	1.0000000	1.0000000
