YOR028C	YPL248C	YOL108C	YIR018W	YJR060W	YGL096W	YKL043W	YER111C	YLR182W	YLR183C
0.9976459	0.1551851	0.4720182	0.2670089	0.8980027	0.8669586	0.1270776	0.5996066	0.0937712	0.9983831
