YHL027W	YBR182C	YIL101C	YPL202C	YML007W	YKL185W	YLR131C	YIL131C	YDR501W	YNL216W
0.01810278795999039	0.0	0.018967281797500544	0.02092515652941736	0.029725882670540722	0.015740544925035467	0.0	0.02238228758821833	0.0365170425737191	0.02383646927427306
