YER111C	YLR182W	YLR183C	YPR104C	YOR344C	YMR037C	YGL162W	YPR065W	YHL027W	YBR182C
0.9002511	0.0850729	0.0044001	1.0000000	0.9403480	0.3910542	0.9418046	0.9999999	0.9455371	1.0000000
