YHR084W	YBR083W	YLR256W	YBR112C	YNL068C	YIR023W	YKL112W	YML027W	YOR028C	YPL248C
0.4545501	0.3657040	0.4539772	0.7512068	0.6233767	0.7141117	0.6606855	0.7112886	0.7082808	0.7363691
