YKL062W	YDR216W	YDR451C	YMR016C	YNL167C	YGL181W	YGL071W	YKL015W	YKL109W	YGL035C
0.2182195	0.4243934	0.4965648	1.0382295	0.5820959	1.0431011	0.9530084	0.4016985	0.1651020	1.0193920
