YDL020C	YKL062W	YDR216W	YDR451C	YMR016C	YNL167C	YGL181W	YGL071W	YKL015W	YKL109W
0.1122180	0.3421538	0.8047778	0.4662236	0.6239650	0.8788953	0.4176997	0.0232335	0.6504576	0.5923250
