YGL035C	YGL209W	YCR065W	YER040W	YEL009C	YDR259C	YPL177C	YML099C	YKR034W	YCL067C
0.0998950	0.9054292	0.0460330	0.9718910	0.8368844	0.7707006	0.6636710	1.1414693	0.7526707	1.0902661
