YGL035C	YGL209W	YCR065W	YER040W	YEL009C	YDR259C	YPL177C	YML099C	YKR034W	YCL067C
0.02838014995725072	0.025006167294463033	0.030593333624336094	0.0	0.01883319299931847	0.0	0.024365506482406315	0.029660674844783366	0.021924471047353507	0.017677317168609662
