YNL167C	YGL181W	YGL071W	YKL015W	YKL109W	YGL035C	YGL209W	YCR065W	YER040W	YEL009C
0.1420414	0.0556053	0.4334154	0.7656611	0.9994935	0.0122697	0.9374175	0.9328383	0.6958720	0.6503256
