YBR182C	YIL101C	YPL202C	YML007W	YKL185W	YLR131C	YIL131C	YDR501W	YNL216W	YBR049C
0.0	0.023825782494975446	0.025199146665082914	0.01957176804024434	0.028650101012867774	0.0	0.01941744508219569	0.029040567658254884	0.032740354408394005	0.019695443485081416
