YMR016C	YNL167C	YGL181W	YGL071W	YKL015W	YKL109W	YGL035C	YGL209W	YCR065W	YER040W
0.1606006	0.5480732	0.5856244	0.5438848	0.9479327	0.1552716	0.0982958	0.0832143	0.0701912	0.2208027
