YER111C	YLR182W	YLR183C	YPR104C	YOR344C	YMR037C	YGL162W	YPR065W	YHL027W	YBR182C
0.5676393	0.9162154	0.5161375	1.0000000	0.4257983	0.4034347	0.1300279	0.1707396	0.9956525	1.0000000
