YER111C	YLR182W	YLR183C	YPR104C	YOR344C	YMR037C	YGL162W	YPR065W	YHL027W	YBR182C
0.6258613	0.8564099	0.5109283	0.9797785	0.4305379	0.5426353	0.1059473	0.1415658	1.0748207	1.0311001
