YPR104C	YOR344C	YMR037C	YGL162W	YPR065W	YHL027W	YBR182C	YIL101C	YPL202C	YML007W
0.9475766	0.8918563	0.8830855	0.4602248	0.4782944	0.6740092	0.6331312	0.1136632	1.0495288	0.0469470
