YPR065W	YHL027W	YBR182C	YIL101C	YPL202C	YML007W	YKL185W	YLR131C	YIL131C	YDR501W
0.0414578	0.9071500	0.9966292	0.0230020	0.2162329	0.4145666	0.5822569	0.0659290	0.9475372	1.0000000
