YLR131C	YIL131C	YDR501W	YNL216W	YBR049C	YDL020C	YKL062W	YDR216W	YDR451C	YMR016C
0.01893102640387089	0.0	0.023076197918328833	0.022131996973041655	0.018875828541135946	0.03071624555221792	0.01752767631960813	0.03060361562606993	0.018942257097574588	0.0
0.01893102640387089	0.018172054292291333	0.023076197918328833	0.0	0.018875828541135946	0.03071624555221792	0.01752767631960813	0.03060361562606993	0.018942257097574588	0.0
