YHR084W	YBR083W	YLR256W	YBR112C	YNL068C	YIR023W	YKL112W	YML027W	YOR028C	YPL248C
0.6103901	0.6281057	0.5930655	1.0000000	1.0000000	0.9999932	1.0000000	1.0000000	1.0000000	1.0000000
