YGL209W	YCR065W	YER040W	YEL009C	YDR259C	YPL177C	YML099C	YKR034W	YCL067C	YJL110C
0.7739475	0.7254685	0.6181361	0.6208617	0.0165467	0.1721042	0.8091600	0.0613937	0.7986343	0.5227606
