YDR146C	YHR084W	YBR083W	YLR256W	YBR112C	YNL068C	YIR023W	YKL112W	YML027W	YOR028C
0.3831168	0.0000000	0.0558523	0.0000000	1.0348346	1.0186721	0.0839832	0.9028827	1.0606092	1.0571249
1.0142349	0.0000000	0.0782847	0.9461192	1.0361776	0.0000000	0.0811886	1.0844816	0.9607477	1.0484722
