YPL248C	YOL108C	YIR018W	YJR060W	YGL096W	YKL043W	YER111C	YLR182W	YLR183C	YPR104C
0.4044684	0.1943853	0.8487493	0.3419321	0.4397986	0.8985757	0.7565898	0.9873274	0.0820443	1.0064926
