YPL248C	YOL108C	YIR018W	YJR060W	YGL096W	YKL043W	YER111C	YLR182W	YLR183C	YPR104C
0.0380430	0.0409333	1.0260295	0.0000000	0.0213130	0.0687043	0.0098400	0.0000000	0.1164244	1.0568023
