YGL209W	YCR065W	YER040W	YEL009C	YDR259C	YPL177C	YML099C	YKR034W	YCL067C	YJL110C
0.0491995	0.0477010	0.0000054	1.0000000	0.0000001	0.2567239	1.0000000	0.6636232	0.9986783	0.9974071
0.0491995	0.0477010	0.0000054	1.0000000	0.0109108	0.2567239	1.0000000	0.0000000	0.9909736	0.5534071
0.0491995	0.0477010	0.0000005	1.0000000	0.0109108	0.2567239	1.0000000	0.9999995	0.0032307	0.0000071
