YIL131C	YDR501W	YNL216W	YBR049C	YDL020C	YKL062W	YDR216W	YDR451C	YMR016C	YNL167C
0.2141864	0.9908376	0.6403148	0.4161737	0.6620993	0.9995876	0.2358100	0.4689056	0.9996786	1.0000000
