YKL062W	YDR216W	YDR451C	YMR016C	YNL167C	YGL181W	YGL071W	YKL015W	YKL109W	YGL035C
0.1720927	0.3563488	0.3152170	0.7276759	0.2885096	0.7710750	0.7811769	0.3530497	0.1128430	0.6923895
