YMR016C	YNL167C	YGL181W	YGL071W	YKL015W	YKL109W	YGL035C	YGL209W	YCR065W	YER040W
0.1097798	0.4524170	0.6311477	0.5637570	0.9486375	0.1302925	0.1014203	0.0761068	0.0581713	0.2593719
