YPL202C	YML007W	YKL185W	YLR131C	YIL131C	YDR501W	YNL216W	YBR049C	YDL020C	YKL062W
0.0835374	0.0427688	0.6543150	0.7955094	1.0279017	0.0771908	0.0550140	0.2564665	0.5458855	0.0111657
