YOL108C	YIR018W	YJR060W	YGL096W	YKL043W	YER111C	YLR182W	YLR183C	YPR104C	YOR344C
0.7682824	0.5801234	0.7641134	0.5851311	0.8989712	0.3653589	0.0739970	0.1312150	0.9739010	0.9752496
