YIL131C	YDR501W	YNL216W	YBR049C	YDL020C	YKL062W	YDR216W	YDR451C	YMR016C	YNL167C
0.6551093	0.7788980	0.3240481	0.1316820	0.1232502	0.3630728	0.4524689	0.5525699	0.8747737	1.1149187
