YGL035C	YGL209W	YCR065W	YER040W	YEL009C	YDR259C	YPL177C	YML099C	YKR034W	YCL067C
0.0974103	0.8481436	0.0450119	1.0367633	0.8844383	0.7402904	0.8076780	1.0402381	0.8408525	1.0992975
