YGL035C	YGL209W	YCR065W	YER040W	YEL009C	YDR259C	YPL177C	YML099C	YKR034W	YCL067C
1.0975679	0.0353104	0.0436044	0.0000000	0.4763758	0.0000000	0.0975428	0.9677641	0.0416924	1.1079205
