YGL071W	YKL015W	YKL109W	YGL035C	YGL209W	YCR065W	YER040W	YEL009C	YDR259C	YPL177C
0.8506691	0.6337538	0.3032990	0.7114554	0.5292979	0.8905568	0.2987104	0.4920010	1.0163761	0.9289588
