YDR146C	YHR084W	YBR083W	YLR256W	YBR112C	YNL068C	YIR023W	YKL112W	YML027W	YOR028C
0.0472245	0.0000000	0.0451270	0.0015167	0.8461803	0.7111932	0.9225490	0.6310118	0.6973172	0.7530628
0.0364411	0.0000000	0.0435574	0.0644208	0.6523510	0.0008439	0.7596263	0.8890104	0.7242666	0.7113105
