YJL110C	YFL021W	YDR146C	YHR084W	YBR083W	YLR256W	YBR112C	YNL068C	YIR023W	YKL112W
0.1185572	0.3746128	0.3121974	0.0476680	0.0501839	0.2401064	0.6853141	0.7343341	0.0006043	0.8482726
