YPL248C	YOL108C	YIR018W	YJR060W	YGL096W	YKL043W	YER111C	YLR182W	YLR183C	YPR104C
0.0169043	0.0197829	0.7731353	0.0000000	0.0153798	0.0771627	0.0071015	0.0000000	0.0834816	0.7391270
