YDR146C	YHR084W	YBR083W	YLR256W	YBR112C	YNL068C	YIR023W	YKL112W	YML027W	YOR028C
0.1187107	0.5584003	0.7282621	0.6326865	0.7342894	0.7864979	0.0526749	0.7684065	0.6583931	0.7618334
