YIL101C	YPL202C	YML007W	YKL185W	YLR131C	YIL131C	YDR501W	YNL216W	YBR049C	YDL020C
0.9938889	0.0737158	0.4844991	0.1322946	0.0000000	0.5328798	0.4542084	0.7685648	0.9827460	0.0000000
