YGL096W	YKL043W	YER111C	YLR182W	YLR183C	YPR104C	YOR344C	YMR037C	YGL162W	YPR065W
0.9929557	0.0387360	0.0000000	0.0000049	0.9463432	1.0000000	0.1631304	0.8350082	0.8805180	0.9990177
0.9929557	0.0387359	0.0000000	0.2405096	0.0271294	0.0000000	0.8847023	0.5509104	0.5526204	0.2547665
0.9929556	0.0387360	0.0000000	0.9853812	0.9463432	1.0000000	0.2817301	0.0000029	0.8805180	0.9990177
0.4030786	0.8936632	1.0000000	0.0000000	0.0271294	0.0000000	0.2064215	0.7466091	0.5525529	0.2547598
0.4032206	0.8936155	0.9999998	0.0000017	0.9463432	1.0000000	0.0413258	0.0000003	0.8805180	0.9990177
0.6536525	0.4877595	0.5091954	0.2404821	0.0271294	0.0000000	0.3776436	0.0000000	0.5525448	0.2547590
0.9920575	0.0415833	0.0900404	0.9853812	0.9463432	1.0000000	0.0000025	0.3413306	0.0000003	0.9990177
