YJR060W	YGL096W	YKL043W	YER111C	YLR182W	YLR183C	YPR104C	YOR344C	YMR037C	YGL162W
0.7402743	0.6126633	0.7452488	0.2926981	0.3132555	0.3812805	1.0453552	0.3746819	0.6660419	0.9932162
