YML007W	YKL185W	YLR131C	YIL131C	YDR501W	YNL216W	YBR049C	YDL020C	YKL062W	YDR216W
0.2171898	0.7373265	0.5495744	0.2294492	0.3299870	0.5557849	0.4395652	0.7788998	0.2818394	0.8673677
