YDR146C	YHR084W	YBR083W	YLR256W	YBR112C	YNL068C	YIR023W	YKL112W	YML027W	YOR028C
0.0366105	0.0000000	0.0618822	0.0000984	1.0048035	1.0015064	1.0853698	0.9947697	0.9672612	1.0585226
0.0414463	0.0000000	0.0729073	0.1282128	1.0212646	0.0000000	1.0490176	1.0307358	0.9887062	0.9543227
