YKL062W	YDR216W	YDR451C	YMR016C	YNL167C	YGL181W	YGL071W	YKL015W	YKL109W	YGL035C
0.1733569	0.0703768	0.1038545	0.1977470	0.2493997	0.6262670	0.0681266	0.0093900	0.9820356	1.0000000
