YKL015W	YKL109W	YGL035C	YGL209W	YCR065W	YER040W	YEL009C	YDR259C	YPL177C	YML099C
0.026194227694887495	0.0	0.02360171162156986	0.019522643196052573	0.018607282555715206	0.025442461087794303	0.0	0.04937424106844095	0.02795242998148878	0.03057647720853265
0.026194227694887495	0.01982424418335355	0.0	0.0	0.018607282555715206	0.025442461087794303	0.0194397207465089	0.04937424106844095	0.02795242998148878	0.03057647720853265
0.026194227694887495	0.01982424418335355	0.0	0.019522643196052573	0.018607282555715206	0.025442461087794303	0.0194397207465089	0.0	0.02795242998148878	0.03057647720853265
0.026194227694887495	0.01982424418335355	0.02360171162156986	0.0	0.018607282555715206	0.025442461087794303	0.0194397207465089	0.0	0.02795242998148878	0.03057647720853265
0.026194227694887495	0.01982424418335355	0.02360171162156986	0.019522643196052573	0.018607282555715206	0.0	0.0194397207465089	0.0	0.02795242998148878	0.03057647720853265
