YGL035C	YGL209W	YCR065W	YER040W	YEL009C	YDR259C	YPL177C	YML099C	YKR034W	YCL067C
0.6997085	0.0722846	0.7229543	0.0000000	0.4084262	0.0000000	0.6319738	0.6441688	0.0611412	0.6815654
