YIL101C	YPL202C	YML007W	YKL185W	YLR131C	YIL131C	YDR501W	YNL216W	YBR049C	YDL020C
0.9360758	0.8503510	0.1241217	0.1002790	0.1300317	0.2283574	0.9986520	0.8586638	0.2281575	0.9586656
