YML007W	YKL185W	YLR131C	YIL131C	YDR501W	YNL216W	YBR049C	YDL020C	YKL062W	YDR216W
0.8941301	0.9621734	0.8789080	0.9872256	0.0716479	0.1452650	0.8902234	0.3405565	1.0325112	1.0778545
