YPR065W	YHL027W	YBR182C	YIL101C	YPL202C	YML007W	YKL185W	YLR131C	YIL131C	YDR501W
0.0251757	0.6420109	0.7415747	0.0112930	0.1564316	0.2497341	0.4327186	0.0723269	0.7220653	0.7416607
