YDR146C	YHR084W	YBR083W	YLR256W	YBR112C	YNL068C	YIR023W	YKL112W	YML027W	YOR028C
0.1261171	0.7067174	1.0226827	0.8871152	1.0972204	1.0433856	0.0732812	0.9802014	1.0838423	1.0386250
