YLR131C	YIL131C	YDR501W	YNL216W	YBR049C	YDL020C	YKL062W	YDR216W	YDR451C	YMR016C
0.7621848	0.6091173	0.5683554	0.0403305	0.0759238	0.7909415	0.6902205	0.4938466	0.4349486	0.7146484
