YPL248C	YOL108C	YIR018W	YJR060W	YGL096W	YKL043W	YER111C	YLR182W	YLR183C	YPR104C
0.3289163	0.1412279	0.6299331	0.2523219	0.2949253	0.6919047	0.5697617	0.8335319	0.0880046	0.7804786
