YMR016C	YNL167C	YGL181W	YGL071W	YKL015W	YKL109W	YGL035C	YGL209W	YCR065W	YER040W
0.1254149	0.4711507	0.6168118	0.5103375	0.9857246	0.1562902	0.1422679	0.1098379	0.0541643	0.2628439
