YLR183C	YPR104C	YOR344C	YMR037C	YGL162W	YPR065W	YHL027W	YBR182C	YIL101C	YPL202C
0.4674526	0.9051941	0.3809851	0.7895696	0.3123251	0.4962284	0.6372309	0.3620181	0.6342698	1.0091090
