YCR065W	YER040W	YEL009C	YDR259C	YPL177C	YML099C	YKR034W	YCL067C	YJL110C	YFL021W
0.8733238	0.1029580	0.1882746	0.3036703	1.0602655	0.0303971	0.4063700	1.0032188	0.1000247	0.5884160
