YJL110C	YFL021W	YDR146C	YHR084W	YBR083W	YLR256W	YBR112C	YNL068C	YIR023W	YKL112W
0.2050974	0.6208967	0.4596997	0.0529387	0.0877907	0.3555288	0.9193028	0.9588965	0.0011092	1.0836665
