YGL035C	YGL209W	YCR065W	YER040W	YEL009C	YDR259C	YPL177C	YML099C	YKR034W	YCL067C
0.9978563	0.0652373	0.9999960	0.0000000	0.4412330	0.0000000	0.8003472	1.0000000	0.0758346	1.0000000
