YCL067C	YJL110C	YFL021W	YDR146C	YHR084W	YBR083W	YLR256W	YBR112C	YNL068C	YIR023W
0.0520447	0.8685033	0.7702221	0.0309571	0.2714276	0.6610580	0.4020322	0.8455953	0.8005003	0.8901327
