YBR182C	YIL101C	YPL202C	YML007W	YKL185W	YLR131C	YIL131C	YDR501W	YNL216W	YBR049C
0.0000000	0.9674682	0.9756398	0.0236646	0.0294062	0.0000000	0.2227351	0.6316822	0.9323071	0.9985788
