YHL027W	YBR182C	YIL101C	YPL202C	YML007W	YKL185W	YLR131C	YIL131C	YDR501W	YNL216W
0.9474820	0.0000000	0.8726909	0.0757912	0.0641183	0.4162236	0.0000000	0.7794271	0.3068174	1.0643012
