YOL108C	YIR018W	YJR060W	YGL096W	YKL043W	YER111C	YLR182W	YLR183C	YPR104C	YOR344C
0.018228973442267926	0.027996926137992408	0.0	0.025002446683351564	0.01820205970248928	0.029416459363390917	0.0	0.03871366930543182	0.022082634279544603	0.021488444825552084
0.018228973442267926	0.027996926137992408	0.0	0.025002446683351564	0.01820205970248928	0.0	0.04351457116842953	0.03871366930543182	0.022082634279544603	0.021488444825552084
0.018228973442267926	0.027996926137992408	0.0	0.025002446683351564	0.01820205970248928	0.029416459363390917	0.04351457116842953	0.03871366930543182	0.0	0.021488444825552084
0.018228973442267926	0.027996926137992408	0.018851990576656222	0.025002446683351564	0.01820205970248928	0.0	0.0	0.03871366930543182	0.022082634279544603	0.021488444825552084
0.018228973442267926	0.027996926137992408	0.018851990576656222	0.025002446683351564	0.01820205970248928	0.0	0.04351457116842953	0.03871366930543182	0.0	0.021488444825552084
0.018228973442267926	0.027996926137992408	0.018851990576656222	0.025002446683351564	0.01820205970248928	0.029416459363390917	0.0	0.03871366930543182	0.0	0.021488444825552084
