YKL185W	YLR131C	YIL131C	YDR501W	YNL216W	YBR049C	YDL020C	YKL062W	YDR216W	YDR451C
0.5858956	0.4442539	0.6502194	0.1029927	0.2012443	0.4367972	0.9265615	0.2746690	0.8170274	0.3505898
