YDR451C	YMR016C	YNL167C	YGL181W	YGL071W	YKL015W	YKL109W	YGL035C	YGL209W	YCR065W
0.2012959	0.1099055	0.2271681	0.4327482	0.8312112	0.9292307	0.6957072	0.6067822	0.8285663	0.9036816
