YKL112W	YML027W	YOR028C	YPL248C	YOL108C	YIR018W	YJR060W	YGL096W	YKL043W	YER111C
1.0244561	0.9342253	1.0948274	0.9921301	0.0650248	0.0313980	0.0783584	0.2608696	0.9200584	0.9695457
