YKL185W	YLR131C	YIL131C	YDR501W	YNL216W	YBR049C	YDL020C	YKL062W	YDR216W	YDR451C
0.0000000	0.9999885	0.0000011	0.1029178	0.2012264	0.4368326	0.9264170	0.2748275	0.9991640	0.0557793
