YDR216W	YDR451C	YMR016C	YNL167C	YGL181W	YGL071W	YKL015W	YKL109W	YGL035C	YGL209W
0.6895774	0.5097019	0.9483414	0.6921946	0.4813559	0.4458955	0.5077366	0.5851845	0.6394323	1.0000000
