YMR037C	YGL162W	YPR065W	YHL027W	YBR182C	YIL101C	YPL202C	YML007W	YKL185W	YLR131C
0.3770554	0.5007684	0.5741440	0.6641832	0.0683837	0.1463841	0.6901880	0.1669609	0.2314182	0.7656400
