YNL167C	YGL181W	YGL071W	YKL015W	YKL109W	YGL035C	YGL209W	YCR065W	YER040W	YEL009C
0.1579835	0.4252244	0.0435914	0.9999903	0.0633692	0.8589617	0.4420279	0.1596332	0.0221351	0.0377056
