YJR060W	YGL096W	YKL043W	YER111C	YLR182W	YLR183C	YPR104C	YOR344C	YMR037C	YGL162W
0.4954146	0.4506464	0.5705332	0.2148261	0.2200913	0.2267705	0.7705444	0.3189485	0.4970400	0.7250919
