YER111C	YLR182W	YLR183C	YPR104C	YOR344C	YMR037C	YGL162W	YPR065W	YHL027W	YBR182C
0.5676928	0.9162149	0.5161376	1.0000000	0.4258892	0.4034096	0.1300795	0.1707464	0.9956346	1.0000000
