YPL248C	YOL108C	YIR018W	YJR060W	YGL096W	YKL043W	YER111C	YLR182W	YLR183C	YPR104C
0.6222853	0.2268422	0.4060700	0.6637114	0.7952473	0.2036922	0.9162684	0.4703236	0.7725641	1.0000000
