YNL216W	YBR049C	YDL020C	YKL062W	YDR216W	YDR451C	YMR016C	YNL167C	YGL181W	YGL071W
0.0000000	0.2399900	0.1977466	0.3834768	0.0352540	0.9676132	0.0000000	0.2097527	0.1890665	1.0053211
0.0808425	0.0000000	0.3447402	0.4281416	0.3697534	0.2309844	0.1579642	0.9236364	0.9847932	0.0000000
