YOL108C	YIR018W	YJR060W	YGL096W	YKL043W	YER111C	YLR182W	YLR183C	YPR104C	YOR344C
0.6550314	0.4161062	0.5558570	0.3434352	0.7378739	0.2670608	0.0411442	0.1120313	0.6198354	0.8750551
