YLR131C	YIL131C	YDR501W	YNL216W	YBR049C	YDL020C	YKL062W	YDR216W	YDR451C	YMR016C
1.0205954	1.0025112	0.7320524	0.1445737	0.1120202	1.0314729	0.9378306	0.7046024	0.5939311	1.1207994
