YGL162W	YPR065W	YHL027W	YBR182C	YIL101C	YPL202C	YML007W	YKL185W	YLR131C	YIL131C
0.0507148	0.0701328	0.0563162	0.5637033	0.0173521	0.0630296	0.1321913	0.2988084	0.2155143	0.7542931
