YML027W	YOR028C	YPL248C	YOL108C	YIR018W	YJR060W	YGL096W	YKL043W	YER111C	YLR182W
0.0	0.0	0.02776897931454604	0.02373935303183728	0.02472280464981187	0.029461579354177366	0.025685537068569173	0.02477414868097516	0.0302680549251116	0.035569048955288736
0.0	0.021710435607411423	0.02776897931454604	0.02373935303183728	0.02472280464981187	0.029461579354177366	0.025685537068569173	0.02477414868097516	0.0	0.035569048955288736
0.024741341950121894	0.0	0.02776897931454604	0.02373935303183728	0.02472280464981187	0.029461579354177366	0.025685537068569173	0.02477414868097516	0.0	0.035569048955288736
0.024741341950121894	0.021710435607411423	0.02776897931454604	0.02373935303183728	0.02472280464981187	0.0	0.025685537068569173	0.02477414868097516	0.0302680549251116	0.0
0.024741341950121894	0.021710435607411423	0.02776897931454604	0.02373935303183728	0.02472280464981187	0.029461579354177366	0.025685537068569173	0.02477414868097516	0.0	0.0
