YPL248C	YOL108C	YIR018W	YJR060W	YGL096W	YKL043W	YER111C	YLR182W	YLR183C	YPR104C
0.0265314	0.0359841	0.8211940	0.0000000	0.0155457	0.0434672	0.0058000	0.0000000	0.0966607	0.7843805
