YGL035C	YGL209W	YCR065W	YER040W	YEL009C	YDR259C	YPL177C	YML099C	YKR034W	YCL067C
0.6392966	0.4918053	0.7590106	0.5827943	0.6977518	0.1574159	0.1035747	1.0000000	0.9502397	1.0000000
