YGL035C	YGL209W	YCR065W	YER040W	YEL009C	YDR259C	YPL177C	YML099C	YKR034W	YCL067C
0.5395561	0.5344507	0.8010948	0.6611652	0.7133048	0.1784758	0.1128414	1.0992881	0.9933044	0.9959121
