YNL216W	YBR049C	YDL020C	YKL062W	YDR216W	YDR451C	YMR016C	YNL167C	YGL181W	YGL071W
0.0000015	0.4851350	0.6868906	1.0000000	0.6356524	0.9999999	0.0000000	0.1100146	0.0447180	1.0000000
1.0000000	0.0000000	0.5587968	0.8318634	0.0287607	0.0455847	0.6005188	0.6822059	1.0000000	0.0000000
