YIL131C	YDR501W	YNL216W	YBR049C	YDL020C	YKL062W	YDR216W	YDR451C	YMR016C	YNL167C
0.6345529	0.8568544	0.3099833	0.1587093	0.1274810	0.3310005	0.3922776	0.4393586	0.8485813	1.0855970
