YJR060W	YGL096W	YKL043W	YER111C	YLR182W	YLR183C	YPR104C	YOR344C	YMR037C	YGL162W
0.0094472	0.6335475	0.1938005	0.2947157	0.5355971	0.2484275	0.6812807	0.2464988	0.4067340	0.8340727
