YHL027W	YBR182C	YIL101C	YPL202C	YML007W	YKL185W	YLR131C	YIL131C	YDR501W	YNL216W
0.6873493	0.0000000	0.8016251	0.0421265	0.0621139	0.3112877	0.0000000	0.6896931	0.1940938	0.7869781
