YKR034W	YCL067C	YJL110C	YFL021W	YDR146C	YHR084W	YBR083W	YLR256W	YBR112C	YNL068C
0.0691933	0.2023131	0.1135435	0.6805324	0.6278508	0.0612024	0.8837477	0.1603403	0.6584446	0.8165662
