YLR183C	YPR104C	YOR344C	YMR037C	YGL162W	YPR065W	YHL027W	YBR182C	YIL101C	YPL202C
0.4666248	1.0089467	0.3606249	0.7593312	0.2736508	0.5374011	0.6234714	0.3691223	0.6401125	0.9756296
