YLR131C	YIL131C	YDR501W	YNL216W	YBR049C	YDL020C	YKL062W	YDR216W	YDR451C	YMR016C
0.9925970	0.9694662	0.8082680	0.1371225	0.1412597	0.9980364	0.9422887	0.7069555	0.5109740	1.0000000
