YBR182C	YIL101C	YPL202C	YML007W	YKL185W	YLR131C	YIL131C	YDR501W	YNL216W	YBR049C
0.0000000	0.8271767	0.7304612	0.0260347	0.0267064	0.0000000	0.1801073	0.4123682	0.6783201	0.6616040
