YKL062W	YDR216W	YDR451C	YMR016C	YNL167C	YGL181W	YGL071W	YKL015W	YKL109W	YGL035C
0.1379378	0.0484325	0.0487589	0.1373031	0.2255061	0.4541314	0.0536164	0.0072400	0.8066265	0.6649793
