YPL202C	YML007W	YKL185W	YLR131C	YIL131C	YDR501W	YNL216W	YBR049C	YDL020C	YKL062W
0.0938049	0.0375774	0.6501005	0.8010024	0.9907594	0.0671150	0.0663712	0.2897708	0.5232187	0.0117585
