YHL027W	YBR182C	YIL101C	YPL202C	YML007W	YKL185W	YLR131C	YIL131C	YDR501W	YNL216W
1.0000000	0.0000000	0.9858342	0.0565261	0.0715252	0.4882918	0.0000000	0.8769502	0.3655743	1.0000000
