YJL110C	YFL021W	YDR146C	YHR084W	YBR083W	YLR256W	YBR112C	YNL068C	YIR023W	YKL112W
0.1313685	0.4367789	0.3896358	0.0259037	0.0513598	0.2781689	0.6595983	0.6707971	0.0010507	0.8251605
