YGL181W	YGL071W	YKL015W	YKL109W	YGL035C	YGL209W	YCR065W	YER040W	YEL009C	YDR259C
0.5084423	0.6038167	0.6022187	0.8132838	0.3744371	0.9973662	0.2462386	0.9472206	0.1103989	1.0000000
