YML027W	YOR028C	YPL248C	YOL108C	YIR018W	YJR060W	YGL096W	YKL043W	YER111C	YLR182W
0.1432118	0.6486695	0.9998125	0.9996995	0.2503167	0.5179028	0.0297834	0.9520501	0.0896774	1.0000000
