YNL167C	YGL181W	YGL071W	YKL015W	YKL109W	YGL035C	YGL209W	YCR065W	YER040W	YEL009C
0.1170021	0.0397826	0.3602910	0.5546033	0.7445384	0.0164331	0.7376121	0.6831154	0.4909696	0.5737683
