YGL035C	YGL209W	YCR065W	YER040W	YEL009C	YDR259C	YPL177C	YML099C	YKR034W	YCL067C
1.0535662	0.0483716	0.0294042	0.0000000	0.4766634	0.0000000	0.0980999	1.0342379	0.0278381	1.0124002
