YBR182C	YIL101C	YPL202C	YML007W	YKL185W	YLR131C	YIL131C	YDR501W	YNL216W	YBR049C
0.0000000	1.0843146	0.9897856	0.0298719	0.0270980	0.0000000	0.2144352	0.5986724	0.9646116	0.9292577
