YIR023W	YKL112W	YML027W	YOR028C	YPL248C	YOL108C	YIR018W	YJR060W	YGL096W	YKL043W
0.6833851	0.7721333	0.0000000	0.0000000	0.0318071	0.8159741	0.6938240	0.2368898	0.5726717	0.4168673
