YGL162W	YPR065W	YHL027W	YBR182C	YIL101C	YPL202C	YML007W	YKL185W	YLR131C	YIL131C
0.0541411	0.0750268	0.0584811	0.9170316	0.0394795	0.0804815	0.1949582	0.5010249	0.2443697	1.0790095
