YML027W	YOR028C	YPL248C	YOL108C	YIR018W	YJR060W	YGL096W	YKL043W	YER111C	YLR182W
0.2392333	0.9987933	0.0755002	0.2782501	0.9170568	0.2354575	0.6111409	0.7266411	0.8160467	1.0000000
