YGL035C	YGL209W	YCR065W	YER040W	YEL009C	YDR259C	YPL177C	YML099C	YKR034W	YCL067C
0.4755989	0.4253766	0.5071585	0.5428303	0.5045687	0.1063954	0.0883098	0.7916286	0.7370896	0.8648948
