YBR049C	YDL020C	YKL062W	YDR216W	YDR451C	YMR016C	YNL167C	YGL181W	YGL071W	YKL015W
0.8890031	0.4802955	0.7761045	0.0871996	0.7759280	0.7306232	0.7777893	0.3381981	0.2061732	0.3113240
