YPR065W	YHL027W	YBR182C	YIL101C	YPL202C	YML007W	YKL185W	YLR131C	YIL131C	YDR501W
0.0000000	0.1536461	0.6018691	0.8465190	0.0000000	0.0661303	0.3776113	0.0598392	0.0648668	0.7833587
0.0580793	0.0000000	0.3186274	0.5390415	0.8778361	0.0000000	0.2778311	0.0327187	0.0486487	0.7285627
0.1063961	0.8021422	0.0000000	0.3496389	0.7394251	0.0571283	0.0094844	0.0000000	0.0635945	0.7432736
