YKR034W	YCL067C	YJL110C	YFL021W	YDR146C	YHR084W	YBR083W	YLR256W	YBR112C	YNL068C
0.5682255	0.3371088	0.4978833	0.7517943	0.7045936	1.0366459	0.0484950	0.8679943	1.0357920	0.9420645
