YLR131C	YIL131C	YDR501W	YNL216W	YBR049C	YDL020C	YKL062W	YDR216W	YDR451C	YMR016C
0.0781557	0.0000000	0.7225424	0.7012121	0.6379930	0.8134389	0.0151682	0.0502959	0.6988771	0.0000000
0.0339231	0.1305646	0.0093080	0.0000000	0.1840443	0.1397993	0.4584306	0.0202662	0.7411199	0.0000000
