YCR065W	YER040W	YEL009C	YDR259C	YPL177C	YML099C	YKR034W	YCL067C	YJL110C	YFL021W
0.6851713	0.0919245	0.1396161	0.2504744	0.9200688	0.0272376	0.3235282	0.7718106	0.0718256	0.4934404
