YPL202C	YML007W	YKL185W	YLR131C	YIL131C	YDR501W	YNL216W	YBR049C	YDL020C	YKL062W
0.0966791	0.0367728	0.5790370	0.7690190	1.1123131	0.0507511	0.0761328	0.3267313	0.5598073	0.0059230
