YHR084W	YBR083W	YLR256W	YBR112C	YNL068C	YIR023W	YKL112W	YML027W	YOR028C	YPL248C
0.9147780	0.4866522	0.2689477	1.1263849	1.0142592	0.6018584	1.0913797	1.0484643	0.9309606	0.9876947
