YER040W	YEL009C	YDR259C	YPL177C	YML099C	YKR034W	YCL067C	YJL110C	YFL021W	YDR146C
0.4350396	0.7025194	0.0686188	0.2588620	0.2360636	0.2896133	0.5668204	0.9156285	0.8458394	0.9495002
