YIL131C	YDR501W	YNL216W	YBR049C	YDL020C	YKL062W	YDR216W	YDR451C	YMR016C	YNL167C
0.0000000	0.0449987	1.0573349	0.8447384	0.6583249	0.6716532	0.2353256	0.9806041	0.0000000	0.9192130
0.5017858	1.0209418	0.0000000	0.9715287	1.0461042	1.0489518	0.3156897	0.9084960	0.0000000	0.9161616
