YER040W	YEL009C	YDR259C	YPL177C	YML099C	YKR034W	YCL067C	YJL110C	YFL021W	YDR146C
0.6015341	0.6135156	0.7094570	0.0577105	0.6959843	0.8553771	0.7923583	0.0081575	0.1861008	0.8492227
