YNL167C	YGL181W	YGL071W	YKL015W	YKL109W	YGL035C	YGL209W	YCR065W	YER040W	YEL009C
0.1579843	0.4252245	0.0435914	0.9999902	0.0633971	0.8589023	0.4420636	0.1596342	0.0221351	0.0377056
