YKL062W	YDR216W	YDR451C	YMR016C	YNL167C	YGL181W	YGL071W	YKL015W	YKL109W	YGL035C
0.2138785	0.4047828	0.3914239	1.0041283	0.5185259	0.9852395	0.9362880	0.4388568	0.1584477	0.9815191
