YHL027W	YBR182C	YIL101C	YPL202C	YML007W	YKL185W	YLR131C	YIL131C	YDR501W	YNL216W
0.9979138	0.0347385	0.3564597	0.7691668	0.5902783	0.4278940	0.2019648	0.8769502	0.3655743	1.0000000
