YPL248C	YOL108C	YIR018W	YJR060W	YGL096W	YKL043W	YER111C	YLR182W	YLR183C	YPR104C
0.0265472	0.0429823	1.0409888	0.0000000	0.0182052	0.0606299	0.0088637	0.0000000	0.0979349	1.0034791
