YGL035C	YGL209W	YCR065W	YER040W	YEL009C	YDR259C	YPL177C	YML099C	YKR034W	YCL067C
0.8317302	0.0294227	0.0406552	0.0000000	0.3434347	0.0000000	0.0683261	0.7554455	0.0167900	0.7897597
