YDR146C	YHR084W	YBR083W	YLR256W	YBR112C	YNL068C	YIR023W	YKL112W	YML027W	YOR028C
0.4410093	0.0000000	0.0652158	0.0000004	1.0000000	1.0000000	0.0591004	1.0000000	1.0000000	1.0000000
1.0000000	0.0000000	0.0652167	0.9970861	1.0000000	0.0000001	0.0591004	1.0000000	1.0000000	1.0000000
