YKR034W	YCL067C	YJL110C	YFL021W	YDR146C	YHR084W	YBR083W	YLR256W	YBR112C	YNL068C
0.3743212	0.2585645	0.4612874	0.5617875	0.5312166	0.6523760	0.0446782	0.6611304	1.0000000	0.7100695
