YDR146C	YHR084W	YBR083W	YLR256W	YBR112C	YNL068C	YIR023W	YKL112W	YML027W	YOR028C
0.3516823	0.9630764	0.9287007	0.1011825	1.0090779	0.9591755	1.0337277	1.0757530	0.9631316	1.0094493
