YJL110C	YFL021W	YDR146C	YHR084W	YBR083W	YLR256W	YBR112C	YNL068C	YIR023W	YKL112W
0.5096013	0.7971119	0.8845721	0.0735863	0.1171037	0.1968231	0.6781278	0.7601144	0.0549884	0.6921970
