YGL035C	YGL209W	YCR065W	YER040W	YEL009C	YDR259C	YPL177C	YML099C	YKR034W	YCL067C
1.0623382	0.0697364	1.0391064	0.0000000	0.5306725	0.0000000	0.8576412	0.9710954	0.0711140	0.9887475
