YKL015W	YKL109W	YGL035C	YGL209W	YCR065W	YER040W	YEL009C	YDR259C	YPL177C	YML099C
0.0562652	0.2746041	0.8164625	0.5971284	0.9142820	0.5751559	0.8534816	0.9655654	0.0884120	0.9276495
