YBR182C	YIL101C	YPL202C	YML007W	YKL185W	YLR131C	YIL131C	YDR501W	YNL216W	YBR049C
0.1919020	1.0703848	0.2510566	0.3994873	0.0840599	0.3797023	0.2684878	0.6168259	0.9976571	1.0144637
