YHL027W	YBR182C	YIL101C	YPL202C	YML007W	YKL185W	YLR131C	YIL131C	YDR501W	YNL216W
0.8994298	0.0000000	0.8490413	0.0075435	0.0070887	0.7616784	0.0000000	0.0495864	0.1728757	0.7835663
