YER040W	YEL009C	YDR259C	YPL177C	YML099C	YKR034W	YCL067C	YJL110C	YFL021W	YDR146C
0.4436775	0.6986463	0.0862913	0.2008372	0.2029198	0.2458883	0.6461808	0.9037517	0.8385091	1.0000000
