YPR065W	YHL027W	YBR182C	YIL101C	YPL202C	YML007W	YKL185W	YLR131C	YIL131C	YDR501W
0.2616494	0.9513382	0.1303574	0.4019882	0.8255641	0.1435621	0.1422657	0.0658019	0.0976590	1.0059961
