YLR131C	YIL131C	YDR501W	YNL216W	YBR049C	YDL020C	YKL062W	YDR216W	YDR451C	YMR016C
1.0540564	0.7774695	0.3656502	0.2230654	0.1641351	0.0746366	0.8061405	0.8842326	0.4614570	1.0504596
