YIL131C	YDR501W	YNL216W	YBR049C	YDL020C	YKL062W	YDR216W	YDR451C	YMR016C	YNL167C
0.1670019	0.7429475	0.4510626	0.2581680	0.4699787	0.7800152	0.1520348	0.4456480	0.8387227	0.8288025
