YMR037C	YGL162W	YPR065W	YHL027W	YBR182C	YIL101C	YPL202C	YML007W	YKL185W	YLR131C
0.7847360	0.3799070	0.5558501	0.4354026	0.2765808	0.1871355	0.1376724	0.6449118	0.6078581	0.8148959
