YKL185W	YLR131C	YIL131C	YDR501W	YNL216W	YBR049C	YDL020C	YKL062W	YDR216W	YDR451C
0.0000000	1.0142852	0.0000000	0.1076540	0.1467465	0.3977433	0.9443956	0.2671256	1.0518418	0.0588156
