YCR065W	YER040W	YEL009C	YDR259C	YPL177C	YML099C	YKR034W	YCL067C	YJL110C	YFL021W
0.1487118	0.6365132	0.9615453	0.0519828	0.1462543	0.8882139	0.9698216	0.0565091	0.2887791	0.1448240
