YIR018W	YJR060W	YGL096W	YKL043W	YER111C	YLR182W	YLR183C	YPR104C	YOR344C	YMR037C
0.0920405	0.0778378	0.3315083	0.2305644	0.4814407	0.7006949	0.6560064	1.0282843	0.3001299	0.9710719
