YMR037C	YGL162W	YPR065W	YHL027W	YBR182C	YIL101C	YPL202C	YML007W	YKL185W	YLR131C
0.3813181	0.4764758	0.6967132	0.9998557	0.0603767	0.2246394	0.9937533	0.2212209	0.2392660	1.0000000
