YER040W	YEL009C	YDR259C	YPL177C	YML099C	YKR034W	YCL067C	YJL110C	YFL021W	YDR146C
0.5802388	0.5587106	0.7126161	0.0692640	0.5848698	0.7663702	0.8765083	0.0106021	0.2058393	0.7498723
