YKR034W	YCL067C	YJL110C	YFL021W	YDR146C	YHR084W	YBR083W	YLR256W	YBR112C	YNL068C
0.6101113	0.2576791	0.4877748	0.7242768	0.6548988	0.9996485	0.0398507	0.8452248	1.0000000	1.0000000
