YDR146C	YHR084W	YBR083W	YLR256W	YBR112C	YNL068C	YIR023W	YKL112W	YML027W	YOR028C
0.0370984	0.0000005	0.0719907	0.0000064	1.0000000	1.0000000	0.9920269	1.0000000	1.0000000	1.0000000
0.0370976	0.0000002	0.0719904	0.1263406	1.0000000	0.0000065	0.9920269	1.0000000	1.0000000	1.0000000
