YBR049C	YDL020C	YKL062W	YDR216W	YDR451C	YMR016C	YNL167C	YGL181W	YGL071W	YKL015W
0.6748124	0.5380529	0.5413372	0.0413415	0.5858941	0.6785689	0.6767984	0.3536004	0.2732710	0.3676931
