YPL248C	YOL108C	YIR018W	YJR060W	YGL096W	YKL043W	YER111C	YLR182W	YLR183C	YPR104C
0.4728779	0.1072739	0.0003955	0.0000000	0.6975074	0.1400066	0.7085903	0.0000000	0.5988840	0.6908646
