YGL035C	YGL209W	YCR065W	YER040W	YEL009C	YDR259C	YPL177C	YML099C	YKR034W	YCL067C
0.9979121	0.0652213	1.0000000	0.0000000	0.4412243	0.0000000	0.8003472	1.0000000	0.0758333	1.0000000
