YIL131C	YDR501W	YNL216W	YBR049C	YDL020C	YKL062W	YDR216W	YDR451C	YMR016C	YNL167C
0.0000000	0.9517130	0.4019481	0.2952475	0.3936033	0.7616162	0.0363375	0.7549621	0.0000000	0.6574326
0.7439479	0.0240244	0.0000000	0.2795674	0.4768998	0.7776888	0.1952144	0.3867681	0.0000000	0.6921079
