YPR065W	YHL027W	YBR182C	YIL101C	YPL202C	YML007W	YKL185W	YLR131C	YIL131C	YDR501W
0.1411681	0.6639295	0.0888343	0.2669788	0.6083817	0.0984351	0.1205593	0.0849557	0.0841662	0.8774904
