YNL167C	YGL181W	YGL071W	YKL015W	YKL109W	YGL035C	YGL209W	YCR065W	YER040W	YEL009C
0.1610915	0.0190399	0.2697293	0.5916650	0.7437557	0.0221490	0.8040062	0.8451532	0.5548669	0.4883968
