YPL248C	YOL108C	YIR018W	YJR060W	YGL096W	YKL043W	YER111C	YLR182W	YLR183C	YPR104C
0.5737073	0.1871828	0.0017126	0.0000000	0.8599702	0.1857165	0.9999998	0.0000002	0.7725641	1.0000000
