YPR065W	YHL027W	YBR182C	YIL101C	YPL202C	YML007W	YKL185W	YLR131C	YIL131C	YDR501W
0.0472148	0.7269969	0.7047233	0.0080735	0.1320492	0.3196510	0.4353947	0.0538364	0.7699929	0.7292058
