YIR018W	YJR060W	YGL096W	YKL043W	YER111C	YLR182W	YLR183C	YPR104C	YOR344C	YMR037C
0.0547524	0.0379932	0.2565390	0.1268820	0.4160604	0.4637029	0.4588611	0.7272704	0.2141286	0.7070331
