YDR146C	YHR084W	YBR083W	YLR256W	YBR112C	YNL068C	YIR023W	YKL112W	YML027W	YOR028C
0.2546348	0.0000000	0.0255425	0.0000000	0.7055968	0.7655198	0.0699789	0.6514350	0.7475403	0.6900072
0.8452153	0.0000000	0.0500260	0.6049228	0.6660428	0.0000000	0.0722506	0.7372661	0.6931277	0.7686541
