YCL067C	YJL110C	YFL021W	YDR146C	YHR084W	YBR083W	YLR256W	YBR112C	YNL068C	YIR023W
0.0	0.021820672297669794	0.025132945724376164	0.01412074339499518	0.024928443291767646	0.0	0.022628590139666935	0.021089674775454325	0.021853952792235225	0.038262459266295706
0.06319651776649567	0.021820672297669794	0.025132945724376164	0.0	0.024928443291767646	0.02731388626238683	0.022628590139666935	0.021089674775454325	0.0	0.038262459266295706
0.06319651776649567	0.021820672297669794	0.025132945724376164	0.0	0.024928443291767646	0.02731388626238683	0.022628590139666935	0.021089674775454325	0.021853952792235225	0.0
0.06319651776649567	0.021820672297669794	0.025132945724376164	0.01412074339499518	0.0	0.02731388626238683	0.0	0.021089674775454325	0.021853952792235225	0.038262459266295706
0.06319651776649567	0.021820672297669794	0.025132945724376164	0.01412074339499518	0.0	0.02731388626238683	0.022628590139666935	0.021089674775454325	0.0	0.038262459266295706
0.06319651776649567	0.021820672297669794	0.025132945724376164	0.01412074339499518	0.024928443291767646	0.02731388626238683	0.022628590139666935	0.021089674775454325	0.0	0.0
