YFL021W	YDR146C	YHR084W	YBR083W	YLR256W	YBR112C	YNL068C	YIR023W	YKL112W	YML027W
0.9322218	0.2128767	0.4255076	0.4531116	0.1477098	0.8984063	1.0717217	0.6913751	1.0497795	0.9850876
