YDR216W	YDR451C	YMR016C	YNL167C	YGL181W	YGL071W	YKL015W	YKL109W	YGL035C	YGL209W
0.5006884	0.4043843	0.6753127	0.6372166	0.3849183	0.3819103	0.3909429	0.5021328	0.5554928	0.7925429
