YGL096W	YKL043W	YER111C	YLR182W	YLR183C	YPR104C	YOR344C	YMR037C	YGL162W	YPR065W
0.5214626	0.3202139	0.9998451	0.9904395	0.1898421	1.0000000	0.8907897	0.9833661	0.9999457	0.0620068
