YGL096W	YKL043W	YER111C	YLR182W	YLR183C	YPR104C	YOR344C	YMR037C	YGL162W	YPR065W
0.5586783	0.3569097	1.0528587	0.9459913	0.1946093	0.9636150	0.8891602	1.0538271	1.0495853	0.0472618
