YGL035C	YGL209W	YCR065W	YER040W	YEL009C	YDR259C	YPL177C	YML099C	YKR034W	YCL067C
0.030589127019679144	0.029096820553879205	0.019882481164047828	0.0	0.02900618926601407	0.0	0.01933415182585556	0.03351967018952413	0.08117198356438714	0.034113139196228826
