YNL167C	YGL181W	YGL071W	YKL015W	YKL109W	YGL035C	YGL209W	YCR065W	YER040W	YEL009C
0.1419687	0.0555880	0.4333491	0.7656778	0.9994887	0.0122715	0.9373920	0.9328312	0.6959257	0.6504461
