YOR028C	YPL248C	YOL108C	YIR018W	YJR060W	YGL096W	YKL043W	YER111C	YLR182W	YLR183C
0.0000000	0.2217596	0.0776121	0.7405284	0.1133325	0.1264954	0.0263478	0.0000000	0.0778489	0.7537186
0.6609030	0.0991633	0.5493460	0.7763424	0.0000000	0.8879462	0.3309263	0.0625903	0.0000000	0.6908453
