YCL067C	YJL110C	YFL021W	YDR146C	YHR084W	YBR083W	YLR256W	YBR112C	YNL068C	YIR023W
0.0501182	1.1862399	1.0784211	0.0351157	0.3288383	0.9449315	0.5447799	0.9769533	0.9906351	0.9926441
