YIR023W	YKL112W	YML027W	YOR028C	YPL248C	YOL108C	YIR018W	YJR060W	YGL096W	YKL043W
0.6450003	0.7254215	0.0000000	0.0000000	0.0248580	0.7985606	0.6250995	0.2412735	0.5750560	0.3248274
