YER040W	YEL009C	YDR259C	YPL177C	YML099C	YKR034W	YCL067C	YJL110C	YFL021W	YDR146C
0.8602678	0.6323640	0.9925786	0.0646597	0.9045162	0.9456606	0.9985115	0.0195822	0.2096745	1.0000000
