YPL177C	YML099C	YKR034W	YCL067C	YJL110C	YFL021W	YDR146C	YHR084W	YBR083W	YLR256W
0.4983812	0.0000000	0.2964317	0.6084621	0.5216989	0.5378975	0.7516926	0.0000000	0.3689330	0.6134238
0.5671587	0.8424553	0.0000000	0.4760709	0.3883947	0.0000000	0.0293059	0.7211041	0.2764163	0.6750274
0.5328052	0.6541718	0.0000000	0.5704878	0.3884983	0.0136971	0.0000000	0.6017175	0.1872114	0.7954245
0.4797952	0.2438304	0.2816928	0.0000000	0.4442330	0.6166884	0.8679718	0.1223799	0.0000000	0.9053131
0.3043652	0.2371870	0.3807794	0.6554546	0.4791936	0.6618609	0.7344177	0.0000000	0.0359344	0.0000000
