YCL067C	YJL110C	YFL021W	YDR146C	YHR084W	YBR083W	YLR256W	YBR112C	YNL068C	YIR023W
0.0842701	0.9998870	0.9999986	0.0289933	0.2851493	0.8997976	0.5176587	1.0000000	1.0000000	1.0000000
