YIL101C	YPL202C	YML007W	YKL185W	YLR131C	YIL131C	YDR501W	YNL216W	YBR049C	YDL020C
0.7836824	0.5432823	0.1455831	0.0790383	0.0601953	0.1998880	0.7071232	0.6523416	0.1992621	0.5150434
