YGL181W	YGL071W	YKL015W	YKL109W	YGL035C	YGL209W	YCR065W	YER040W	YEL009C	YDR259C
0.5084216	0.6036275	0.6022541	0.8133358	0.3744687	0.9973304	0.2463668	0.9471974	0.1103989	1.0000000
