YIL131C	YDR501W	YNL216W	YBR049C	YDL020C	YKL062W	YDR216W	YDR451C	YMR016C	YNL167C
0.0	0.022438340832350506	0.016275473405703334	0.032277786197561865	0.0257342501529476	0.09693413717696238	0.032134169865677804	0.04305802249347879	0.0	0.020843968722260676
0.018393960443942967	0.022438340832350506	0.0	0.032277786197561865	0.0257342501529476	0.09693413717696238	0.032134169865677804	0.04305802249347879	0.0	0.020843968722260676
