YBR049C	YDL020C	YKL062W	YDR216W	YDR451C	YMR016C	YNL167C	YGL181W	YGL071W	YKL015W
1.0001148	0.4183608	0.5178865	0.9473146	0.1093572	0.6679245	0.9790024	0.5090543	1.0362163	0.2285193
