YPL248C	YOL108C	YIR018W	YJR060W	YGL096W	YKL043W	YER111C	YLR182W	YLR183C	YPR104C
0.0259010	0.0343775	1.0000000	0.0000000	0.0322162	0.0662108	0.0069683	0.0000000	0.0823199	1.0000000
