YML027W	YOR028C	YPL248C	YOL108C	YIR018W	YJR060W	YGL096W	YKL043W	YER111C	YLR182W
0.0	0.0	0.03649158978499069	0.03559346420063069	0.020194212610267572	0.020669632709039126	0.03543792351826154	0.025339035719115163	0.01732553740488438	0.03793472365626999
0.0	0.052985836287871686	0.03649158978499069	0.03559346420063069	0.020194212610267572	0.020669632709039126	0.03543792351826154	0.025339035719115163	0.0	0.03793472365626999
0.021493065944640167	0.0	0.03649158978499069	0.03559346420063069	0.020194212610267572	0.020669632709039126	0.03543792351826154	0.025339035719115163	0.0	0.03793472365626999
0.021493065944640167	0.052985836287871686	0.03649158978499069	0.03559346420063069	0.020194212610267572	0.0	0.03543792351826154	0.025339035719115163	0.01732553740488438	0.0
0.021493065944640167	0.052985836287871686	0.03649158978499069	0.03559346420063069	0.020194212610267572	0.020669632709039126	0.03543792351826154	0.025339035719115163	0.0	0.0
