YOL108C	YIR018W	YJR060W	YGL096W	YKL043W	YER111C	YLR182W	YLR183C	YPR104C	YOR344C
0.3838135	0.0186364	0.0000003	0.4377259	0.9938350	0.0319812	0.0000000	0.6079170	1.0000000	0.9999587
0.3766812	0.0186366	0.0000007	0.4301537	0.9999993	0.0000000	0.0494192	0.6079170	1.0000000	0.9999881
0.4077103	0.0186364	0.0000000	0.4639424	0.9729789	0.0884624	0.1193296	0.0925649	0.0000000	0.9984052
0.3765474	0.2927461	0.1398740	0.4301397	1.0000000	0.0000000	0.0000000	0.6079170	1.0000000	0.9575441
0.3765474	0.2927461	0.1398740	0.4301397	1.0000000	0.0000000	0.1193247	0.0925650	0.0000000	0.9996865
0.3878427	0.3121654	0.1475737	0.4420844	0.9903345	0.0434429	0.0000000	0.0925650	0.0000000	0.9998834
