YML007W	YKL185W	YLR131C	YIL131C	YDR501W	YNL216W	YBR049C	YDL020C	YKL062W	YDR216W
0.2570990	0.9997423	0.7367848	0.2490564	0.3846011	0.6231407	0.5141976	0.9103629	0.4601834	1.0000000
