YLR182W	YLR183C	YPR104C	YOR344C	YMR037C	YGL162W	YPR065W	YHL027W	YBR182C	YIL101C
0.6840927	0.1683867	1.0000000	0.3185486	0.5272336	0.9999995	0.0242101	0.6572121	0.1277604	0.0495538
