YDR146C	YHR084W	YBR083W	YLR256W	YBR112C	YNL068C	YIR023W	YKL112W	YML027W	YOR028C
0.2676354	0.0000000	0.0603345	0.0000000	0.6726268	0.7428502	0.0553176	0.6766189	0.6736079	0.7156628
0.7754976	0.0000000	0.0595669	0.6401013	0.7342390	0.0000000	0.0477020	0.8702603	0.6480981	0.7087493
