YIL131C	YDR501W	YNL216W	YBR049C	YDL020C	YKL062W	YDR216W	YDR451C	YMR016C	YNL167C
0.0000000	0.0243576	0.7608721	0.7026127	0.5113821	0.5100386	0.1682108	0.6978145	0.0000000	0.6638118
0.3390957	0.7687513	0.0000000	0.7066140	0.8915111	0.9386711	0.1852843	0.6933589	0.0000000	0.8243950
