YML027W	YOR028C	YPL248C	YOL108C	YIR018W	YJR060W	YGL096W	YKL043W	YER111C	YLR182W
0.2548324	1.0436888	0.0765708	0.2381231	0.9532632	0.2423358	0.6653750	0.7266201	0.8000989	0.9828388
