YCL067C	YJL110C	YFL021W	YDR146C	YHR084W	YBR083W	YLR256W	YBR112C	YNL068C	YIR023W
0.2026707	0.4840791	0.3999031	0.7008271	0.0674318	0.0061144	0.0428696	0.7173690	0.7022495	0.7595551
