YOR344C	YMR037C	YGL162W	YPR065W	YHL027W	YBR182C	YIL101C	YPL202C	YML007W	YKL185W
0.8004155	0.2766469	0.2196197	0.6760325	0.4016818	0.3778401	0.6876103	0.0164377	0.2758703	0.4375817
