YJL110C	YFL021W	YDR146C	YHR084W	YBR083W	YLR256W	YBR112C	YNL068C	YIR023W	YKL112W
0.8190338	1.0741596	1.0152795	0.1013421	0.1580392	0.2340134	1.0185242	1.0853098	0.0908801	1.0718575
