YPL202C	YML007W	YKL185W	YLR131C	YIL131C	YDR501W	YNL216W	YBR049C	YDL020C	YKL062W
0.0804405	0.1654914	0.8541161	0.2385877	0.3753541	0.6229562	0.8447611	0.0109935	0.1358506	0.3537796
