YDL020C	YKL062W	YDR216W	YDR451C	YMR016C	YNL167C	YGL181W	YGL071W	YKL015W	YKL109W
0.1051670	0.2695867	0.6385849	0.3139713	0.4788356	0.6863123	0.2972594	0.0253823	0.5536454	0.4881503
