YIL131C	YDR501W	YNL216W	YBR049C	YDL020C	YKL062W	YDR216W	YDR451C	YMR016C	YNL167C
0.1989760	0.9836033	0.5777861	0.4268811	0.6781709	1.0957792	0.2379001	0.4865175	1.1384557	1.0756400
