YLR183C	YPR104C	YOR344C	YMR037C	YGL162W	YPR065W	YHL027W	YBR182C	YIL101C	YPL202C
0.7917360	1.0000000	0.0752014	0.6223035	0.6167156	0.2893309	0.6455337	0.9672187	0.9718785	1.0000000
