YPR065W	YHL027W	YBR182C	YIL101C	YPL202C	YML007W	YKL185W	YLR131C	YIL131C	YDR501W
0.0327385	0.9412799	1.0103065	0.0155992	0.2299298	0.4290870	0.6154170	0.0583398	1.0587510	1.0346088
