YPR065W	YHL027W	YBR182C	YIL101C	YPL202C	YML007W	YKL185W	YLR131C	YIL131C	YDR501W
0.2662172	0.8474456	0.1399947	0.3906209	0.8534241	0.1210860	0.1189446	0.0649245	0.0650262	1.0000000
