YKL185W	YLR131C	YIL131C	YDR501W	YNL216W	YBR049C	YDL020C	YKL062W	YDR216W	YDR451C
0.5855330	0.4444357	0.6503027	0.1029710	0.2012302	0.4367756	0.9265567	0.2747077	0.8169744	0.3508151
