YPL177C	YML099C	YKR034W	YCL067C	YJL110C	YFL021W	YDR146C	YHR084W	YBR083W	YLR256W
0.9165632	0.4683964	0.5978050	0.0880270	0.2712635	0.8576286	0.2561771	0.3799531	0.1751886	0.9925013
