YGL071W	YKL015W	YKL109W	YGL035C	YGL209W	YCR065W	YER040W	YEL009C	YDR259C	YPL177C
0.0	0.04883448911783154	0.024092358419906874	0.02080459478074678	0.032194679890510225	0.027665479127361184	0.023540877978194794	0.0	0.02042976156363417	0.03738144348287881
0.029471639735577333	0.04883448911783154	0.0	0.02080459478074678	0.032194679890510225	0.027665479127361184	0.023540877978194794	0.0	0.02042976156363417	0.03738144348287881
0.029471639735577333	0.04883448911783154	0.024092358419906874	0.0	0.0	0.027665479127361184	0.023540877978194794	0.036744929637026726	0.02042976156363417	0.03738144348287881
0.029471639735577333	0.04883448911783154	0.024092358419906874	0.0	0.032194679890510225	0.027665479127361184	0.023540877978194794	0.036744929637026726	0.0	0.03738144348287881
0.029471639735577333	0.04883448911783154	0.024092358419906874	0.02080459478074678	0.0	0.027665479127361184	0.023540877978194794	0.036744929637026726	0.0	0.03738144348287881
0.029471639735577333	0.04883448911783154	0.024092358419906874	0.02080459478074678	0.032194679890510225	0.027665479127361184	0.0	0.036744929637026726	0.0	0.03738144348287881
