YIL131C	YDR501W	YNL216W	YBR049C	YDL020C	YKL062W	YDR216W	YDR451C	YMR016C	YNL167C
0.2142031	0.9907836	0.6400122	0.4161804	0.6620912	0.9995834	0.2357283	0.4688860	0.9996786	1.0000000
