YOL108C	YIR018W	YJR060W	YGL096W	YKL043W	YER111C	YLR182W	YLR183C	YPR104C	YOR344C
0.2842479	0.2610153	0.1257260	0.2741755	0.7570330	0.1008649	0.0355797	0.3863155	0.7166678	0.7105004
