YKL185W	YLR131C	YIL131C	YDR501W	YNL216W	YBR049C	YDL020C	YKL062W	YDR216W	YDR451C
0.4923991	0.3396425	0.3864559	0.0743100	0.1626516	0.2999055	0.8733885	0.2965326	0.6152750	0.2510747
