YJR060W	YGL096W	YKL043W	YER111C	YLR182W	YLR183C	YPR104C	YOR344C	YMR037C	YGL162W
0.6659239	0.5824143	0.7364277	0.2641436	0.3040723	0.3572633	1.0861479	0.3468553	0.6032531	0.9701633
