YML007W	YKL185W	YLR131C	YIL131C	YDR501W	YNL216W	YBR049C	YDL020C	YKL062W	YDR216W
0.8561259	0.9312315	0.9061204	0.9384690	0.0704183	0.1421285	0.9579155	0.3040896	1.0402122	1.0959446
