YML007W	YKL185W	YLR131C	YIL131C	YDR501W	YNL216W	YBR049C	YDL020C	YKL062W	YDR216W
0.2670708	1.0001729	0.7799537	0.2742962	0.3973582	0.6424181	0.5712725	0.8966920	0.4438539	0.9933981
