YDR146C	YHR084W	YBR083W	YLR256W	YBR112C	YNL068C	YIR023W	YKL112W	YML027W	YOR028C
0.1306478	0.7329656	0.9979934	0.9970739	1.0000000	1.0000000	0.0591004	1.0000000	1.0000000	1.0000000
