YLR182W	YLR183C	YPR104C	YOR344C	YMR037C	YGL162W	YPR065W	YHL027W	YBR182C	YIL101C
0.5777253	0.1632331	0.6581452	0.3073498	0.4151257	0.8135964	0.0260208	0.4326099	0.0887728	0.0472941
