YGL035C	YGL209W	YCR065W	YER040W	YEL009C	YDR259C	YPL177C	YML099C	YKR034W	YCL067C
1.0295503	0.0610353	1.0473204	0.0000000	0.4614785	0.0000000	0.7889928	1.0056047	0.0939982	0.9677265
