YBR182C	YIL101C	YPL202C	YML007W	YKL185W	YLR131C	YIL131C	YDR501W	YNL216W	YBR049C
0.0000000	0.6555835	0.6920491	0.0292006	0.0407917	0.0000000	0.1698864	0.4670528	0.8691360	0.7666805
