YBR182C	YIL101C	YPL202C	YML007W	YKL185W	YLR131C	YIL131C	YDR501W	YNL216W	YBR049C
0.1697805	0.8516233	0.1525774	0.2894901	0.0472100	0.3124094	0.2023225	0.4505536	0.7843485	0.7829789
