YGL035C	YGL209W	YCR065W	YER040W	YEL009C	YDR259C	YPL177C	YML099C	YKR034W	YCL067C
0.0866263	0.9412641	0.0329136	0.9663428	0.8230290	0.7809008	0.8003448	1.0000000	0.7723054	1.0000000
