YNL216W	YBR049C	YDL020C	YKL062W	YDR216W	YDR451C	YMR016C	YNL167C	YGL181W	YGL071W
0.0000000	0.4676189	0.8059110	1.0487465	0.6056470	1.0794723	0.0000000	0.1078210	0.0608400	1.0495486
0.9967706	0.0000000	0.5181310	0.8833846	0.0359809	0.0462562	0.5513453	0.6678107	1.0992401	0.0000000
