YMR037C	YGL162W	YPR065W	YHL027W	YBR182C	YIL101C	YPL202C	YML007W	YKL185W	YLR131C
0.4411089	0.5601808	0.7717655	1.0156941	0.0746763	0.2657835	1.0410920	0.2224200	0.2708070	1.0180786
