YGL035C	YGL209W	YCR065W	YER040W	YEL009C	YDR259C	YPL177C	YML099C	YKR034W	YCL067C
0.4282850	0.5250048	0.5482780	0.4284243	0.5238130	0.0974980	0.0874227	0.6940851	0.8653734	0.7370255
