YDR216W	YDR451C	YMR016C	YNL167C	YGL181W	YGL071W	YKL015W	YKL109W	YGL035C	YGL209W
0.5794247	0.8375578	0.4661848	0.9524234	0.3320366	0.4769083	0.9908491	0.7721147	0.6035644	0.9992969
