YIL101C	YPL202C	YML007W	YKL185W	YLR131C	YIL131C	YDR501W	YNL216W	YBR049C	YDL020C
0.9383202	0.0718134	0.7041165	0.7429406	0.7508019	0.4983541	0.4326578	0.7662498	1.0627869	0.0289077
