YBR182C	YIL101C	YPL202C	YML007W	YKL185W	YLR131C	YIL131C	YDR501W	YNL216W	YBR049C
0.0000018	0.9999886	0.9758840	0.0347503	0.0279368	0.0000000	0.2357250	0.6036785	0.9537433	1.0000000
