YPL202C	YML007W	YKL185W	YLR131C	YIL131C	YDR501W	YNL216W	YBR049C	YDL020C	YKL062W
0.0682230	0.3064955	0.9616642	0.2908818	0.5115237	0.6456429	0.9995389	0.0186849	0.1791184	0.5505758
