YDR146C	YHR084W	YBR083W	YLR256W	YBR112C	YNL068C	YIR023W	YKL112W	YML027W	YOR028C
0.1306622	0.7329369	0.9979802	0.9968974	1.0000000	1.0000000	0.0591005	1.0000000	1.0000000	1.0000000
