YDL020C	YKL062W	YDR216W	YDR451C	YMR016C	YNL167C	YGL181W	YGL071W	YKL015W	YKL109W
0.1121965	0.3422842	0.8042739	0.4661344	0.6238964	0.8790871	0.4176971	0.0232324	0.6505050	0.5924273
