YPL202C	YML007W	YKL185W	YLR131C	YIL131C	YDR501W	YNL216W	YBR049C	YDL020C	YKL062W
0.027234630623094298	0.0	0.032230585055679974	0.025366391725718213	0.024519446880631176	0.050946403452711286	0.021461832043947807	0.021055618396169345	0.0659889220430903	0.0
0.027234630623094298	0.024740078638903807	0.032230585055679974	0.0	0.024519446880631176	0.050946403452711286	0.021461832043947807	0.021055618396169345	0.0	0.02580903877969047
0.027234630623094298	0.024740078638903807	0.032230585055679974	0.0	0.024519446880631176	0.050946403452711286	0.021461832043947807	0.021055618396169345	0.0659889220430903	0.0
0.027234630623094298	0.024740078638903807	0.032230585055679974	0.025366391725718213	0.024519446880631176	0.050946403452711286	0.021461832043947807	0.021055618396169345	0.0	0.0
