YBR049C	YDL020C	YKL062W	YDR216W	YDR451C	YMR016C	YNL167C	YGL181W	YGL071W	YKL015W
0.9813667	0.3500443	0.4900739	1.0497762	0.1180070	0.7343867	0.9774965	0.5190697	0.9787736	0.2208532
