YHL027W	YBR182C	YIL101C	YPL202C	YML007W	YKL185W	YLR131C	YIL131C	YDR501W	YNL216W
0.9978390	0.0347071	0.3563432	0.7691979	0.5902811	0.4278926	0.2019649	0.8769502	0.3655743	1.0000000
