YPR065W	YHL027W	YBR182C	YIL101C	YPL202C	YML007W	YKL185W	YLR131C	YIL131C	YDR501W
0.0404484	0.8853613	1.0080618	0.0196580	0.1734510	0.4494307	0.5869424	0.0649711	1.0179891	1.0010545
