YCL067C	YJL110C	YFL021W	YDR146C	YHR084W	YBR083W	YLR256W	YBR112C	YNL068C	YIR023W
0.2189937	0.5559373	0.5970277	0.9447952	0.0389093	0.0134990	0.0418779	1.0000000	1.0000000	1.0000000
