YOR028C	YPL248C	YOL108C	YIR018W	YJR060W	YGL096W	YKL043W	YER111C	YLR182W	YLR183C
0.0	0.021789091923934602	0.03411357013105945	0.029003519792678	0.02333836213291914	0.021923635820383768	0.025306115591397338	0.0	0.03047435695922313	0.02397868804476038
0.024696392880484957	0.021789091923934602	0.03411357013105945	0.029003519792678	0.0	0.021923635820383768	0.025306115591397338	0.02136794103470028	0.0	0.02397868804476038
