YJL110C	YFL021W	YDR146C	YHR084W	YBR083W	YLR256W	YBR112C	YNL068C	YIR023W	YKL112W
0.025086977635814814	0.03317434559969832	0.0	0.028115545187851216	0.02099388856147657	0.023603949144865966	0.027029949635248043	0.0	0.02694702459000672	0.03385846053651726
0.025086977635814814	0.03317434559969832	0.0	0.028115545187851216	0.02099388856147657	0.023603949144865966	0.027029949635248043	0.015173313532996089	0.0	0.03385846053651726
0.025086977635814814	0.03317434559969832	0.05242048701012556	0.0	0.02099388856147657	0.0	0.027029949635248043	0.015173313532996089	0.02694702459000672	0.03385846053651726
0.025086977635814814	0.03317434559969832	0.05242048701012556	0.0	0.02099388856147657	0.023603949144865966	0.027029949635248043	0.0	0.02694702459000672	0.03385846053651726
0.025086977635814814	0.03317434559969832	0.05242048701012556	0.028115545187851216	0.02099388856147657	0.023603949144865966	0.027029949635248043	0.0	0.0	0.03385846053651726
