YBR049C	YDL020C	YKL062W	YDR216W	YDR451C	YMR016C	YNL167C	YGL181W	YGL071W	YKL015W
0.9962870	0.3939071	0.4817342	0.9910975	0.1108438	0.6887647	0.9290014	0.5093445	0.9563343	0.2256019
