YKR034W	YCL067C	YJL110C	YFL021W	YDR146C	YHR084W	YBR083W	YLR256W	YBR112C	YNL068C
0.0892548	0.2770808	0.2225277	0.9753832	0.9980489	0.0635904	1.0094819	0.2190593	1.0058105	1.0322713
