YHR084W	YBR083W	YLR256W	YBR112C	YNL068C	YIR023W	YKL112W	YML027W	YOR028C	YPL248C
0.0000000	0.0160768	0.0000000	1.0282848	1.0982878	0.6265823	1.0213721	1.1519624	1.0752973	0.9016998
