YDR146C	YHR084W	YBR083W	YLR256W	YBR112C	YNL068C	YIR023W	YKL112W	YML027W	YOR028C
0.2836987	0.6556641	0.6795141	0.0907416	0.7252605	0.7001389	0.8889294	0.8538958	0.7050318	0.8106476
