YJL110C	YFL021W	YDR146C	YHR084W	YBR083W	YLR256W	YBR112C	YNL068C	YIR023W	YKL112W
0.6817489	0.8118595	0.6452791	0.0541839	0.1116054	0.1900651	0.6588906	0.6683023	0.0530784	0.8064326
