YER040W	YEL009C	YDR259C	YPL177C	YML099C	YKR034W	YCL067C	YJL110C	YFL021W	YDR146C
0.8457619	0.7701653	0.9873349	0.0898721	0.8827231	0.8539161	1.0785104	0.0207522	0.2166565	1.0900608
