YOL108C	YIR018W	YJR060W	YGL096W	YKL043W	YER111C	YLR182W	YLR183C	YPR104C	YOR344C
0.3602691	0.3939458	0.1412065	0.4080654	1.0177505	0.0924774	0.0592587	0.5770507	0.9319004	0.9304881
