YIL101C	YPL202C	YML007W	YKL185W	YLR131C	YIL131C	YDR501W	YNL216W	YBR049C	YDL020C
0.9954343	1.0737084	0.0171056	0.0835238	0.0000000	0.2842681	0.9078452	0.4596957	1.0166593	0.0000000
