YGL071W	YKL015W	YKL109W	YGL035C	YGL209W	YCR065W	YER040W	YEL009C	YDR259C	YPL177C
0.8961195	0.5974236	0.3762000	0.7493132	0.5008444	0.8987499	0.2629792	0.4823617	0.9254566	1.0000000
