YML007W	YKL185W	YLR131C	YIL131C	YDR501W	YNL216W	YBR049C	YDL020C	YKL062W	YDR216W
0.0	0.02760931052344816	0.02869655519322303	0.021165612369003304	0.037176126315484476	0.027377797892544804	0.02874945120659867	0.02572765845544299	0.0	0.01671168672673668
0.028532044660785513	0.02760931052344816	0.0	0.021165612369003304	0.037176126315484476	0.027377797892544804	0.02874945120659867	0.0	0.01944598560778635	0.01671168672673668
0.028532044660785513	0.02760931052344816	0.0	0.021165612369003304	0.037176126315484476	0.027377797892544804	0.02874945120659867	0.02572765845544299	0.0	0.01671168672673668
0.028532044660785513	0.02760931052344816	0.02869655519322303	0.021165612369003304	0.037176126315484476	0.027377797892544804	0.02874945120659867	0.0	0.0	0.01671168672673668
