YML007W	YKL185W	YLR131C	YIL131C	YDR501W	YNL216W	YBR049C	YDL020C	YKL062W	YDR216W
0.2965457	0.9134355	0.7439148	0.3041113	0.4070966	0.6514086	0.5471344	0.9691043	0.4349426	0.9843149
