YPR065W	YHL027W	YBR182C	YIL101C	YPL202C	YML007W	YKL185W	YLR131C	YIL131C	YDR501W
0.2661371	0.8475255	0.1400542	0.3907654	0.8534241	0.1210860	0.1189219	0.0649245	0.0650262	1.0000000
