YGL035C	YGL209W	YCR065W	YER040W	YEL009C	YDR259C	YPL177C	YML099C	YKR034W	YCL067C
0.1188440	0.6504797	0.0246896	0.7034904	0.6401826	0.4825832	0.5315910	0.7844789	0.5997041	0.8396571
