YKR034W	YCL067C	YJL110C	YFL021W	YDR146C	YHR084W	YBR083W	YLR256W	YBR112C	YNL068C
0.0	0.028150364349588508	0.03194619226822441	0.0	0.031212755752759145	0.02693464589603884	0.048319548994219794	0.01665721775859584	0.030491287535791906	0.02775489954938875
0.0	0.028150364349588508	0.03194619226822441	0.03633917728516889	0.0	0.02693464589603884	0.048319548994219794	0.01665721775859584	0.030491287535791906	0.02775489954938875
0.0	0.028150364349588508	0.03194619226822441	0.03633917728516889	0.031212755752759145	0.02693464589603884	0.048319548994219794	0.01665721775859584	0.030491287535791906	0.0
0.021421589122403807	0.0	0.03194619226822441	0.03633917728516889	0.031212755752759145	0.02693464589603884	0.0	0.01665721775859584	0.030491287535791906	0.02775489954938875
0.021421589122403807	0.028150364349588508	0.03194619226822441	0.03633917728516889	0.0	0.02693464589603884	0.048319548994219794	0.01665721775859584	0.030491287535791906	0.0
0.021421589122403807	0.028150364349588508	0.03194619226822441	0.03633917728516889	0.031212755752759145	0.0	0.048319548994219794	0.0	0.030491287535791906	0.02775489954938875
0.021421589122403807	0.028150364349588508	0.03194619226822441	0.03633917728516889	0.031212755752759145	0.0	0.048319548994219794	0.01665721775859584	0.030491287535791906	0.0
