YLR182W	YLR183C	YPR104C	YOR344C	YMR037C	YGL162W	YPR065W	YHL027W	YBR182C	YIL101C
0.0	0.02212009261203464	0.0	0.034281113762893375	0.02506597047223813	0.021992266242458702	0.03442592136377312	0.02379209134680128	0.02235643933072799	0.026387203233552172
0.0	0.02212009261203464	0.01994146976677325	0.034281113762893375	0.0	0.021992266242458702	0.03442592136377312	0.02379209134680128	0.02235643933072799	0.026387203233552172
0.024523982263227568	0.0	0.01994146976677325	0.034281113762893375	0.02506597047223813	0.021992266242458702	0.03442592136377312	0.0	0.02235643933072799	0.026387203233552172
0.024523982263227568	0.02212009261203464	0.0	0.034281113762893375	0.0	0.021992266242458702	0.03442592136377312	0.02379209134680128	0.02235643933072799	0.026387203233552172
0.024523982263227568	0.02212009261203464	0.01994146976677325	0.0	0.02506597047223813	0.0	0.03442592136377312	0.02379209134680128	0.02235643933072799	0.026387203233552172
0.024523982263227568	0.02212009261203464	0.01994146976677325	0.034281113762893375	0.02506597047223813	0.0	0.03442592136377312	0.02379209134680128	0.0	0.026387203233552172
