YKL112W	YML027W	YOR028C	YPL248C	YOL108C	YIR018W	YJR060W	YGL096W	YKL043W	YER111C
0.6180605	0.5012883	0.6674636	0.6811058	0.0602982	0.3484996	0.5843425	0.0720094	0.1905719	0.2661448
