YBR049C	YDL020C	YKL062W	YDR216W	YDR451C	YMR016C	YNL167C	YGL181W	YGL071W	YKL015W
0.9962807	0.3938643	0.4817442	0.9910972	0.1108449	0.6887606	0.9289988	0.5093448	0.9562200	0.2256914
