YIL131C	YDR501W	YNL216W	YBR049C	YDL020C	YKL062W	YDR216W	YDR451C	YMR016C	YNL167C
0.7141572	0.8185464	0.2720736	0.1487974	0.1472583	0.3263967	0.3657519	0.5064516	0.8625694	1.0000000
