YER040W	YEL009C	YDR259C	YPL177C	YML099C	YKR034W	YCL067C	YJL110C	YFL021W	YDR146C
0.8516384	0.7418788	1.0251357	0.0678391	0.9345353	0.9176116	0.9476679	0.0190507	0.2501391	0.9948906
