YNL216W	YBR049C	YDL020C	YKL062W	YDR216W	YDR451C	YMR016C	YNL167C	YGL181W	YGL071W
0.2548542	0.4909687	0.7734827	1.0188541	0.7132983	0.9284073	0.0540674	0.1359881	0.0636152	1.0739927
