YML007W	YKL185W	YLR131C	YIL131C	YDR501W	YNL216W	YBR049C	YDL020C	YKL062W	YDR216W
0.5655724	0.6832880	0.8689779	0.6191725	0.0418578	0.0772634	0.5447978	0.1659135	0.7027297	0.7319693
