YER111C	YLR182W	YLR183C	YPR104C	YOR344C	YMR037C	YGL162W	YPR065W	YHL027W	YBR182C
0.0000025	0.0000001	0.0044001	1.0000000	0.9631667	0.4024561	0.9418165	0.9999999	0.9455807	1.0000000
0.0000000	0.7383964	1.0000000	0.0000000	0.1753895	0.0323923	0.7181652	0.6002383	0.9022964	1.0000000
0.0000025	0.0850722	0.0044001	1.0000000	0.9680332	0.0000000	0.9418165	0.9999999	0.9455807	1.0000000
1.0000000	0.0000000	1.0000000	0.0000000	0.4540718	0.1022753	0.7178381	0.6001301	0.9021232	1.0000000
0.9999450	0.0000038	0.0044001	1.0000000	0.9998980	0.0000002	0.9418165	0.9999999	0.9455807	1.0000000
0.9003200	0.0850721	0.0000000	1.0000000	0.9403507	0.3910964	0.9418165	1.0000000	0.0000032	1.0000000
0.2157839	0.7383964	1.0000000	0.0000000	0.1753984	0.0000000	0.7181652	0.6002383	0.9022964	1.0000000
0.9003198	0.0850722	0.0044001	1.0000000	0.0000002	0.0234415	0.0000028	0.9999999	0.8168774	1.0000000
0.9003198	0.0850722	0.0044001	1.0000000	0.9680307	0.0234415	0.0000028	0.9999998	0.0306871	0.0000054
