YCR065W	YER040W	YEL009C	YDR259C	YPL177C	YML099C	YKR034W	YCL067C	YJL110C	YFL021W
0.1198514	0.6420372	0.9999801	0.0555326	0.1060440	0.8736660	0.9025520	0.0449873	0.2597954	0.1365085
