YPR065W	YHL027W	YBR182C	YIL101C	YPL202C	YML007W	YKL185W	YLR131C	YIL131C	YDR501W
0.1969063	0.9483083	0.1048270	0.4139038	0.8133524	0.1077968	0.1473672	0.0628286	0.1053208	0.9820050
