YDR259C	YPL177C	YML099C	YKR034W	YCL067C	YJL110C	YFL021W	YDR146C	YHR084W	YBR083W
0.4473499	0.5354393	1.0000653	0.8454849	0.8501626	0.5905314	1.0359010	0.6348588	0.4656985	0.8378586
