YIR023W	YKL112W	YML027W	YOR028C	YPL248C	YOL108C	YIR018W	YJR060W	YGL096W	YKL043W
0.9992402	1.0000000	0.0000000	0.0000000	0.0216291	0.9999935	0.8616216	0.3895840	0.9054943	0.4099988
