YIL131C	YDR501W	YNL216W	YBR049C	YDL020C	YKL062W	YDR216W	YDR451C	YMR016C	YNL167C
0.0000000	0.0694899	0.9428061	0.9096408	0.7180519	0.6814388	0.2112859	0.9999999	0.0000000	1.0000000
0.4715430	1.0000000	0.0000000	0.9547046	0.9190721	0.9999989	0.2268817	0.9223172	0.0000002	1.0000000
