YER111C	YLR182W	YLR183C	YPR104C	YOR344C	YMR037C	YGL162W	YPR065W	YHL027W	YBR182C
0.0	0.0	0.03340751232549652	0.020019111812978455	0.04731290380835997	0.027855410819584023	0.020632050248482504	0.0827433483731547	0.021318302213352715	0.01835033828208864
0.0	0.020706321647865546	0.03340751232549652	0.0	0.04731290380835997	0.027855410819584023	0.020632050248482504	0.0827433483731547	0.021318302213352715	0.01835033828208864
0.0	0.020706321647865546	0.03340751232549652	0.020019111812978455	0.04731290380835997	0.0	0.020632050248482504	0.0827433483731547	0.021318302213352715	0.01835033828208864
0.01996124163300109	0.0	0.03340751232549652	0.0	0.04731290380835997	0.027855410819584023	0.020632050248482504	0.0827433483731547	0.021318302213352715	0.01835033828208864
0.01996124163300109	0.0	0.03340751232549652	0.020019111812978455	0.04731290380835997	0.0	0.020632050248482504	0.0827433483731547	0.021318302213352715	0.01835033828208864
0.01996124163300109	0.020706321647865546	0.0	0.020019111812978455	0.04731290380835997	0.027855410819584023	0.020632050248482504	0.0827433483731547	0.0	0.01835033828208864
0.01996124163300109	0.020706321647865546	0.03340751232549652	0.0	0.04731290380835997	0.0	0.020632050248482504	0.0827433483731547	0.021318302213352715	0.01835033828208864
0.01996124163300109	0.020706321647865546	0.03340751232549652	0.020019111812978455	0.0	0.027855410819584023	0.0	0.0827433483731547	0.021318302213352715	0.01835033828208864
0.01996124163300109	0.020706321647865546	0.03340751232549652	0.020019111812978455	0.04731290380835997	0.027855410819584023	0.0	0.0827433483731547	0.021318302213352715	0.0
