YMR037C	YGL162W	YPR065W	YHL027W	YBR182C	YIL101C	YPL202C	YML007W	YKL185W	YLR131C
1.0274873	0.5739136	0.7587350	0.6856243	0.3876439	0.1724511	0.3012856	1.0784706	0.7807567	1.0012364
