YDR146C	YHR084W	YBR083W	YLR256W	YBR112C	YNL068C	YIR023W	YKL112W	YML027W	YOR028C
0.0571584	0.0000000	0.0632427	0.0010674	1.1045104	0.9567356	1.0927903	0.9214764	0.9812467	0.9277523
0.0563032	0.0000000	0.0726886	0.1023887	0.9527430	0.0005803	1.0252982	1.0233233	1.0180610	0.9741355
