YEL009C	YDR259C	YPL177C	YML099C	YKR034W	YCL067C	YJL110C	YFL021W	YDR146C	YHR084W
0.0000000	0.8499355	0.3687075	0.5696268	0.0000000	0.2828957	1.0000000	0.9999999	0.9118906	0.1457042
0.0000000	0.8078243	0.3292689	0.5696252	0.5757653	0.4387185	0.6124068	1.0000000	0.0000000	0.2385899
0.2705311	0.9874846	0.9999998	0.0000024	0.4629978	0.5590982	0.4332888	0.0349333	0.9999995	0.0000000
0.6303743	0.3853066	0.1595324	1.0000000	0.0000000	0.2828957	1.0000000	0.0000000	0.9118958	0.1457039
0.6303741	0.3853067	0.1595325	0.9999999	0.0000000	0.2828957	1.0000000	0.0296072	0.0000000	0.1457039
