YDR146C	YHR084W	YBR083W	YLR256W	YBR112C	YNL068C	YIR023W	YKL112W	YML027W	YOR028C
0.0241710	0.0000000	0.0422294	0.0000257	0.6777398	0.6129627	0.8438757	0.6424265	0.7110039	0.9133959
0.0601548	0.0000000	0.0583655	0.0931794	0.8236737	0.0000000	0.8303771	0.6512655	0.7001162	0.7185770
