YKL185W	YLR131C	YIL131C	YDR501W	YNL216W	YBR049C	YDL020C	YKL062W	YDR216W	YDR451C
0.0000000	0.9999995	0.0000000	0.1029168	0.2012257	0.4368314	0.9264168	0.2748294	0.9993685	0.0557687
