YKL062W	YDR216W	YDR451C	YMR016C	YNL167C	YGL181W	YGL071W	YKL015W	YKL109W	YGL035C
0.1746193	0.0739191	0.0865317	0.1895130	0.2584528	0.6088366	0.0693170	0.0048998	1.0237475	1.0367052
