YIL131C	YDR501W	YNL216W	YBR049C	YDL020C	YKL062W	YDR216W	YDR451C	YMR016C	YNL167C
0.1860717	0.7737031	0.3863080	0.2857952	0.5409231	0.7640117	0.1288757	0.3345685	0.7478280	0.7359206
