YKL185W	YLR131C	YIL131C	YDR501W	YNL216W	YBR049C	YDL020C	YKL062W	YDR216W	YDR451C
0.5984463	0.4289655	0.5414982	0.1530652	0.2424332	0.3759079	1.0577535	0.2360688	0.7576962	0.3928450
