YPL248C	YOL108C	YIR018W	YJR060W	YGL096W	YKL043W	YER111C	YLR182W	YLR183C	YPR104C
0.4854448	0.3773884	0.2497584	0.6542572	0.4800869	0.1937541	0.7188369	0.3160549	0.6567373	0.5926423
