YGL181W	YGL071W	YKL015W	YKL109W	YGL035C	YGL209W	YCR065W	YER040W	YEL009C	YDR259C
0.0857380	0.4311484	0.9883763	0.5696139	0.6667593	0.6975441	0.4060938	0.8567288	0.1178933	1.0479162
