YDR146C	YHR084W	YBR083W	YLR256W	YBR112C	YNL068C	YIR023W	YKL112W	YML027W	YOR028C
0.4011565	0.0000000	0.0547748	0.0000000	0.9622079	1.1538450	0.1073333	0.8674423	1.0752065	1.0212383
0.9570848	0.0000000	0.0635395	0.9748527	1.0075334	0.0000000	0.0747132	1.0451134	1.0098087	0.9806929
