YPL202C	YML007W	YKL185W	YLR131C	YIL131C	YDR501W	YNL216W	YBR049C	YDL020C	YKL062W
0.0476767	0.0280955	0.4429389	0.5944938	0.9076386	0.0380241	0.0698934	0.2524159	0.5295845	0.0026271
