YIR018W	YJR060W	YGL096W	YKL043W	YER111C	YLR182W	YLR183C	YPR104C	YOR344C	YMR037C
0.0847572	0.0699172	0.3275043	0.2430566	0.5502769	0.6428540	0.6156002	1.0000000	0.3191442	0.9978680
