YML027W	YOR028C	YPL248C	YOL108C	YIR018W	YJR060W	YGL096W	YKL043W	YER111C	YLR182W
0.0915085	0.4357725	0.6143422	0.6277520	0.1886383	0.4997064	0.0444911	0.6814376	0.0544899	0.7290681
