YGL096W	YKL043W	YER111C	YLR182W	YLR183C	YPR104C	YOR344C	YMR037C	YGL162W	YPR065W
0.03371197498676215	0.020609429639362693	0.0	0.0	0.036166520024994715	0.026740648910874746	0.025947855386924627	0.02401942026447985	0.04459173858079113	0.02534896960666772
0.03371197498676215	0.020609429639362693	0.0	0.025660095323321225	0.036166520024994715	0.0	0.025947855386924627	0.02401942026447985	0.04459173858079113	0.02534896960666772
0.03371197498676215	0.020609429639362693	0.0	0.025660095323321225	0.036166520024994715	0.026740648910874746	0.025947855386924627	0.0	0.04459173858079113	0.02534896960666772
0.03371197498676215	0.020609429639362693	0.037009776554130076	0.0	0.036166520024994715	0.0	0.025947855386924627	0.02401942026447985	0.04459173858079113	0.02534896960666772
0.03371197498676215	0.020609429639362693	0.037009776554130076	0.0	0.036166520024994715	0.026740648910874746	0.025947855386924627	0.0	0.04459173858079113	0.02534896960666772
0.03371197498676215	0.020609429639362693	0.037009776554130076	0.025660095323321225	0.036166520024994715	0.0	0.025947855386924627	0.0	0.04459173858079113	0.02534896960666772
0.03371197498676215	0.020609429639362693	0.037009776554130076	0.025660095323321225	0.036166520024994715	0.026740648910874746	0.0	0.02401942026447985	0.0	0.02534896960666772
