YIL101C	YPL202C	YML007W	YKL185W	YLR131C	YIL131C	YDR501W	YNL216W	YBR049C	YDL020C
0.9685722	0.8606478	0.1120947	0.0848888	0.1276841	0.2277868	0.9306400	0.8593558	0.2416461	0.8981476
