YGL181W	YGL071W	YKL015W	YKL109W	YGL035C	YGL209W	YCR065W	YER040W	YEL009C	YDR259C
0.4350688	0.6376198	0.6343319	0.8023831	0.4011398	1.0510882	0.2774931	1.0364001	0.1091703	1.0287187
