YPL248C	YOL108C	YIR018W	YJR060W	YGL096W	YKL043W	YER111C	YLR182W	YLR183C	YPR104C
0.03631862037958629	0.016772284025916958	0.02218299087208532	0.0	0.027309421138314405	0.027194834152345224	0.01805395770253233	0.0	0.0180649581275273	0.020751828081870358
