YPL248C	YOL108C	YIR018W	YJR060W	YGL096W	YKL043W	YER111C	YLR182W	YLR183C	YPR104C
0.6242072	0.2758552	0.3656497	0.6755627	0.7202736	0.2353516	0.9024249	0.4172047	0.7774290	0.9272215
