YPL248C	YOL108C	YIR018W	YJR060W	YGL096W	YKL043W	YER111C	YLR182W	YLR183C	YPR104C
0.6222110	0.2266308	0.4059412	0.6636377	0.7953217	0.2036852	0.9162788	0.4703236	0.7725641	1.0000000
