YPL202C	YML007W	YKL185W	YLR131C	YIL131C	YDR501W	YNL216W	YBR049C	YDL020C	YKL062W
0.0540460	0.0435383	0.4851907	0.7164164	0.7717395	0.0508269	0.0329401	0.2236177	0.4334381	0.0122979
