YDL020C	YKL062W	YDR216W	YDR451C	YMR016C	YNL167C	YGL181W	YGL071W	YKL015W	YKL109W
0.9325550	0.9963310	0.3504050	0.0644590	0.9968029	0.8434553	0.6039256	0.6378676	0.6080972	0.0692930
