YMR037C	YGL162W	YPR065W	YHL027W	YBR182C	YIL101C	YPL202C	YML007W	YKL185W	YLR131C
0.9933197	0.5321969	0.7952685	0.6948797	0.3091102	0.1359632	0.3215060	0.8938770	0.7295242	1.0000000
