YKL185W	YLR131C	YIL131C	YDR501W	YNL216W	YBR049C	YDL020C	YKL062W	YDR216W	YDR451C
0.5298469	0.3116733	0.3742596	0.1463380	0.2016710	0.3652145	0.8973827	0.2193968	0.5322399	0.3400199
