YJR060W	YGL096W	YKL043W	YER111C	YLR182W	YLR183C	YPR104C	YOR344C	YMR037C	YGL162W
0.0245978	1.0039284	0.3197986	0.4197638	0.7453205	0.4071740	1.0500757	0.2979913	0.5893363	0.9724763
