YDR146C	YHR084W	YBR083W	YLR256W	YBR112C	YNL068C	YIR023W	YKL112W	YML027W	YOR028C
0.025260187637346818	0.0	0.022476692469700636	0.0	0.03123907960482663	0.02098807397688961	0.028680956852404675	0.02012487363645411	0.032261549961279626	0.028605873962851726
0.025260187637346818	0.0	0.022476692469700636	0.014811964777439911	0.03123907960482663	0.0	0.028680956852404675	0.02012487363645411	0.032261549961279626	0.028605873962851726
