YMR037C	YGL162W	YPR065W	YHL027W	YBR182C	YIL101C	YPL202C	YML007W	YKL185W	YLR131C
0.3813870	0.4764500	0.6967198	0.9998559	0.0603500	0.2246295	0.9937601	0.2209559	0.2391829	1.0000000
