YIL131C	YDR501W	YNL216W	YBR049C	YDL020C	YKL062W	YDR216W	YDR451C	YMR016C	YNL167C
0.7127062	0.8184834	0.2730641	0.1494495	0.1475899	0.3264456	0.3644897	0.5090684	0.8625694	1.0000000
