YJR060W	YGL096W	YKL043W	YER111C	YLR182W	YLR183C	YPR104C	YOR344C	YMR037C	YGL162W
0.0219251	0.9999809	0.3485405	0.4439422	0.6945857	0.3779689	1.0000000	0.2643046	0.4988439	1.0000000
