YOR344C	YMR037C	YGL162W	YPR065W	YHL027W	YBR182C	YIL101C	YPL202C	YML007W	YKL185W
0.9581486	0.4321341	0.3339236	0.7542618	0.4373172	0.6324797	0.7867550	0.0154326	0.3475039	0.5377605
