YML007W	YKL185W	YLR131C	YIL131C	YDR501W	YNL216W	YBR049C	YDL020C	YKL062W	YDR216W
0.1667776	0.8039900	0.5196561	0.2261506	0.2831898	0.5340451	0.4809048	0.6548507	0.3420285	0.7839060
