YBR182C	YIL101C	YPL202C	YML007W	YKL185W	YLR131C	YIL131C	YDR501W	YNL216W	YBR049C
0.2042392	0.9896886	0.2695412	0.3588586	0.0818347	0.3957460	0.2364309	0.5634343	1.0026280	1.0655737
