YDL020C	YKL062W	YDR216W	YDR451C	YMR016C	YNL167C	YGL181W	YGL071W	YKL015W	YKL109W
0.8353872	1.0918289	0.2921134	0.0653116	1.0165831	0.8311079	0.6714204	0.5530288	0.6430602	0.0763501
