YKR034W	YCL067C	YJL110C	YFL021W	YDR146C	YHR084W	YBR083W	YLR256W	YBR112C	YNL068C
0.1088710	0.3079624	0.2191611	0.9360352	0.9799368	0.0934425	1.0240861	0.2718742	1.0898038	0.9564075
