YKL112W	YML027W	YOR028C	YPL248C	YOL108C	YIR018W	YJR060W	YGL096W	YKL043W	YER111C
1.0000000	0.6679206	0.9998209	0.9882933	0.0802787	0.4909961	0.9099006	0.1236599	0.2369992	0.5313592
