YNL167C	YGL181W	YGL071W	YKL015W	YKL109W	YGL035C	YGL209W	YCR065W	YER040W	YEL009C
0.1843877	0.0338946	0.4479808	0.7745405	0.9838200	0.0300830	0.9585965	1.0658975	0.6587919	0.7169598
