YGL096W	YKL043W	YER111C	YLR182W	YLR183C	YPR104C	YOR344C	YMR037C	YGL162W	YPR065W
1.0331155	0.0442547	0.0885267	1.0573184	0.9704699	1.0396554	0.2228330	0.7949442	0.8387207	0.9574759
