YIL131C	YDR501W	YNL216W	YBR049C	YDL020C	YKL062W	YDR216W	YDR451C	YMR016C	YNL167C
0.0000000	0.7434885	0.3962991	0.2759871	0.5515335	0.7553684	0.0560045	0.8352785	0.0000000	0.7384048
0.6988310	0.0280742	0.0000000	0.3444543	0.4432574	0.7268208	0.1442807	0.3585810	0.0000000	0.9015182
