YPL202C	YML007W	YKL185W	YLR131C	YIL131C	YDR501W	YNL216W	YBR049C	YDL020C	YKL062W
0.0938066	0.0375784	0.6503084	0.8009438	0.9907585	0.0671155	0.0663712	0.2897708	0.5232187	0.0117585
