YBR049C	YDL020C	YKL062W	YDR216W	YDR451C	YMR016C	YNL167C	YGL181W	YGL071W	YKL015W
0.7145282	0.4503727	0.6144214	0.0755375	0.6237080	0.5665000	0.6817047	0.3014777	0.2668435	0.2529996
