YHR084W	YBR083W	YLR256W	YBR112C	YNL068C	YIR023W	YKL112W	YML027W	YOR028C	YPL248C
0.0000000	0.0432560	0.0000000	0.7315052	0.6339687	0.6455593	0.7029312	0.8890877	0.9401458	0.6693937
