YDL020C	YKL062W	YDR216W	YDR451C	YMR016C	YNL167C	YGL181W	YGL071W	YKL015W	YKL109W
0.1190436	0.4099170	0.8760960	0.4719137	0.6538416	0.8866998	0.3573427	0.0350991	0.6426676	0.6203302
