YML027W	YOR028C	YPL248C	YOL108C	YIR018W	YJR060W	YGL096W	YKL043W	YER111C	YLR182W
0.0971025	0.4126422	0.6589029	0.6971828	0.2045854	0.2994883	0.0141488	0.7306464	0.0759411	0.7525231
