YPR104C	YOR344C	YMR037C	YGL162W	YPR065W	YHL027W	YBR182C	YIL101C	YPL202C	YML007W
0.0	0.0200376768671785	0.0	0.024453134333562665	0.026624347860708386	0.02165315397876839	0.023168557880324143	0.021058328652968195	0.025697300881311783	0.0348412293709199
0.02520301796222635	0.0	0.0340817134141221	0.0	0.026624347860708386	0.02165315397876839	0.023168557880324143	0.021058328652968195	0.025697300881311783	0.0348412293709199
0.02520301796222635	0.0200376768671785	0.0340817134141221	0.0	0.026624347860708386	0.02165315397876839	0.0	0.021058328652968195	0.025697300881311783	0.0348412293709199
0.02520301796222635	0.0200376768671785	0.0340817134141221	0.024453134333562665	0.0	0.02165315397876839	0.023168557880324143	0.021058328652968195	0.0	0.0348412293709199
0.02520301796222635	0.0200376768671785	0.0340817134141221	0.024453134333562665	0.026624347860708386	0.0	0.023168557880324143	0.021058328652968195	0.025697300881311783	0.0
