YFL021W	YDR146C	YHR084W	YBR083W	YLR256W	YBR112C	YNL068C	YIR023W	YKL112W	YML027W
0.5199831	0.1484569	0.2937537	0.3413444	0.3566002	0.7900099	0.6226528	0.3259318	0.5546172	0.7740702
