YKR034W	YCL067C	YJL110C	YFL021W	YDR146C	YHR084W	YBR083W	YLR256W	YBR112C	YNL068C
0.1425725	0.2751917	0.1987195	0.9055260	0.9534142	0.0944288	0.9971821	0.2461422	1.0000000	1.0000000
