YIL131C	YDR501W	YNL216W	YBR049C	YDL020C	YKL062W	YDR216W	YDR451C	YMR016C	YNL167C
0.2053465	0.9822938	0.6078992	0.4547329	0.7577674	1.0148736	0.2167062	0.4715449	1.0862479	1.0132824
