YIL131C	YDR501W	YNL216W	YBR049C	YDL020C	YKL062W	YDR216W	YDR451C	YMR016C	YNL167C
0.5022106	0.6523652	0.2671780	0.0967421	0.1170052	0.3111021	0.2418087	0.3189456	0.6512054	0.8054321
