YPL248C	YOL108C	YIR018W	YJR060W	YGL096W	YKL043W	YER111C	YLR182W	YLR183C	YPR104C
0.3291040	0.1330021	0.7959986	0.4695409	0.4396498	0.8602464	0.7979608	0.9850724	0.0823199	1.0000000
