YPL248C	YOL108C	YIR018W	YJR060W	YGL096W	YKL043W	YER111C	YLR182W	YLR183C	YPR104C
0.6890736	0.3010304	0.4182068	0.7045901	0.8106446	0.2346963	0.8816680	0.4350197	0.7624213	0.9642304
