YKR034W	YCL067C	YJL110C	YFL021W	YDR146C	YHR084W	YBR083W	YLR256W	YBR112C	YNL068C
0.0899648	0.2031940	0.1687046	0.7880844	0.6982290	0.0796649	0.6624687	0.2015948	0.7643405	0.7396004
