YDR259C	YPL177C	YML099C	YKR034W	YCL067C	YJL110C	YFL021W	YDR146C	YHR084W	YBR083W
0.2900120	0.5708762	0.0320383	0.5698007	0.0720341	0.2496990	0.7165463	0.6245913	0.5933273	0.2093337
