YER040W	YEL009C	YDR259C	YPL177C	YML099C	YKR034W	YCL067C	YJL110C	YFL021W	YDR146C
0.3071886	0.6193094	0.0717468	0.1864225	0.1828228	0.1800911	0.3875337	0.7371559	0.5565751	0.8279749
