YIL101C	YPL202C	YML007W	YKL185W	YLR131C	YIL131C	YDR501W	YNL216W	YBR049C	YDL020C
0.02960897905174822	0.02152404571892533	0.01898142813411591	0.020702770091973945	0.0	0.022694388762998903	0.038802691078566806	0.01960179198998421	0.05420002766690819	0.0
