YER111C	YLR182W	YLR183C	YPR104C	YOR344C	YMR037C	YGL162W	YPR065W	YHL027W	YBR182C
0.6685299	0.9262071	0.4960790	0.9554079	0.3817778	0.4450183	0.1363277	0.1590663	0.9437820	0.9557843
