YHL027W	YBR182C	YIL101C	YPL202C	YML007W	YKL185W	YLR131C	YIL131C	YDR501W	YNL216W
0.01662186267228254	0.0	0.020042689829925815	0.021418032580009724	0.02512630939252832	0.016862166983425155	0.0	0.020023397703483894	0.03353299147076701	0.019992694278485875
