YDR451C	YMR016C	YNL167C	YGL181W	YGL071W	YKL015W	YKL109W	YGL035C	YGL209W	YCR065W
0.1077296	0.0684997	0.1541952	0.3265871	0.6446624	0.8368112	0.5721947	0.5103804	0.5921887	0.7034118
