YKL043W	YER111C	YLR182W	YLR183C	YPR104C	YOR344C	YMR037C	YGL162W	YPR065W	YHL027W
0.01849273546632442	0.0	0.0	0.03155983856211233	0.02630609919220545	0.027450889836961596	0.01773962255370062	0.07379831064995641	0.029925206927574933	0.022099971611604634
0.01849273546632442	0.0	0.03681754755706417	0.03155983856211233	0.0	0.027450889836961596	0.01773962255370062	0.07379831064995641	0.029925206927574933	0.022099971611604634
0.01849273546632442	0.0	0.03681754755706417	0.03155983856211233	0.02630609919220545	0.027450889836961596	0.0	0.07379831064995641	0.029925206927574933	0.022099971611604634
0.01849273546632442	0.018063231144112298	0.0	0.03155983856211233	0.0	0.027450889836961596	0.01773962255370062	0.07379831064995641	0.029925206927574933	0.022099971611604634
0.01849273546632442	0.018063231144112298	0.0	0.03155983856211233	0.02630609919220545	0.027450889836961596	0.0	0.07379831064995641	0.029925206927574933	0.022099971611604634
0.01849273546632442	0.018063231144112298	0.03681754755706417	0.0	0.02630609919220545	0.027450889836961596	0.01773962255370062	0.07379831064995641	0.029925206927574933	0.0
0.01849273546632442	0.018063231144112298	0.03681754755706417	0.03155983856211233	0.0	0.027450889836961596	0.0	0.07379831064995641	0.029925206927574933	0.022099971611604634
0.01849273546632442	0.018063231144112298	0.03681754755706417	0.03155983856211233	0.02630609919220545	0.0	0.01773962255370062	0.0	0.029925206927574933	0.022099971611604634
