YML027W	YOR028C	YPL248C	YOL108C	YIR018W	YJR060W	YGL096W	YKL043W	YER111C	YLR182W
0.0000000	0.0000003	0.0291787	0.1550107	0.9002529	0.2185230	0.8593846	0.5051029	0.8179764	1.0000000
0.0000000	0.0252223	0.0190878	0.1227609	0.8932322	0.2125510	0.9999917	0.0373387	0.0000000	1.0000000
1.0000000	0.0000001	0.0190878	0.1227610	0.8932323	0.2125510	0.9999917	0.0373426	0.0000000	1.0000000
0.9999992	0.9986232	0.0697753	0.2646361	0.0216694	0.0000000	0.6293311	0.7115090	0.5735883	0.0000017
1.0000000	0.0252118	0.0190863	0.1227599	0.8932284	0.2125508	0.9999918	0.0373374	0.0000000	0.0000000
