YPL248C	YOL108C	YIR018W	YJR060W	YGL096W	YKL043W	YER111C	YLR182W	YLR183C	YPR104C
0.4193569	0.1890914	0.9097947	0.3181643	0.4908334	0.8791553	0.7048025	0.8633995	0.0953526	1.0152945
