YIL101C	YPL202C	YML007W	YKL185W	YLR131C	YIL131C	YDR501W	YNL216W	YBR049C	YDL020C
0.7310811	0.0474541	0.4785042	0.6228235	0.5736532	0.4300157	0.3127970	0.5580368	0.9805514	0.0337886
