YGL096W	YKL043W	YER111C	YLR182W	YLR183C	YPR104C	YOR344C	YMR037C	YGL162W	YPR065W
0.9919944	0.0416113	0.0900407	0.9853737	0.9463431	1.0000000	0.2351286	0.7986107	0.8805173	0.9990174
