YEL009C	YDR259C	YPL177C	YML099C	YKR034W	YCL067C	YJL110C	YFL021W	YDR146C	YHR084W
0.6316809	0.1352856	0.0954736	0.7205672	0.3122591	0.4004583	0.2898767	0.0190173	0.3418820	0.2425770
