YOR344C	YMR037C	YGL162W	YPR065W	YHL027W	YBR182C	YIL101C	YPL202C	YML007W	YKL185W
1.0262259	0.3858972	0.3412221	0.7660569	0.4776847	0.5872618	0.7139667	0.0126990	0.3000545	0.5866194
