YOR028C	YPL248C	YOL108C	YIR018W	YJR060W	YGL096W	YKL043W	YER111C	YLR182W	YLR183C
0.9859311	0.1294621	0.5122833	0.2533248	0.9655031	0.8666416	0.1687231	0.5607380	0.0745401	1.0000000
