YHR084W	YBR083W	YLR256W	YBR112C	YNL068C	YIR023W	YKL112W	YML027W	YOR028C	YPL248C
0.0	0.017399090107989103	0.0	0.029898755095883908	0.03147846385996592	0.031276095357550444	0.027274361282865405	0.02077362511535611	0.01871495345260421	0.023770095976290144
