YNL167C	YGL181W	YGL071W	YKL015W	YKL109W	YGL035C	YGL209W	YCR065W	YER040W	YEL009C
0.1617298	0.4212102	0.0424836	0.9974956	0.1022802	0.8506512	0.3935185	0.3204095	0.0227735	0.0219727
