YKR034W	YCL067C	YJL110C	YFL021W	YDR146C	YHR084W	YBR083W	YLR256W	YBR112C	YNL068C
0.5688987	0.2833800	0.5189705	0.7694506	0.6359232	1.0604416	0.0402087	0.8645461	1.0455753	1.0087137
