YGL181W	YGL071W	YKL015W	YKL109W	YGL035C	YGL209W	YCR065W	YER040W	YEL009C	YDR259C
0.0658712	0.3579799	0.9928070	0.5787386	0.7181857	0.7753024	0.3456739	0.8816405	0.0898802	1.0000000
