YPL248C	YOL108C	YIR018W	YJR060W	YGL096W	YKL043W	YER111C	YLR182W	YLR183C	YPR104C
0.024106232874393462	0.020813787318162153	0.024829734468949913	0.0	0.017951936424413163	0.01959881670074164	0.01841279018888345	0.0	0.031489041846686563	0.02669684778452001
