YOL108C	YIR018W	YJR060W	YGL096W	YKL043W	YER111C	YLR182W	YLR183C	YPR104C	YOR344C
0.7039816	0.5444701	0.7035921	0.5611512	0.8424397	0.2977111	0.0631100	0.1213816	1.0000000	0.9848115
