YBR182C	YIL101C	YPL202C	YML007W	YKL185W	YLR131C	YIL131C	YDR501W	YNL216W	YBR049C
0.1921227	0.6718749	0.1942029	0.2576668	0.0488099	0.2884630	0.1513277	0.5156995	0.8469119	0.7846308
