YCR065W	YER040W	YEL009C	YDR259C	YPL177C	YML099C	YKR034W	YCL067C	YJL110C	YFL021W
0.1681509	0.6437515	0.9642590	0.0699707	0.1622209	0.8688247	0.9849418	0.0562360	0.2420472	0.1275694
