YKL185W	YLR131C	YIL131C	YDR501W	YNL216W	YBR049C	YDL020C	YKL062W	YDR216W	YDR451C
0.6591946	0.4809636	0.4495238	0.1336238	0.2294961	0.4177404	1.0892630	0.2647102	0.7321969	0.3759237
