YJR060W	YGL096W	YKL043W	YER111C	YLR182W	YLR183C	YPR104C	YOR344C	YMR037C	YGL162W
0.7141544	0.5503591	0.7468612	0.2261170	0.3009611	0.3761098	1.0000000	0.3220570	0.6642139	1.0000000
