YJL110C	YFL021W	YDR146C	YHR084W	YBR083W	YLR256W	YBR112C	YNL068C	YIR023W	YKL112W
0.2300985	0.5993156	0.4534830	0.0460772	0.0935845	0.3477036	1.0000000	1.0000000	0.0003506	1.0000000
