YIL101C	YPL202C	YML007W	YKL185W	YLR131C	YIL131C	YDR501W	YNL216W	YBR049C	YDL020C
0.9366460	0.0761096	0.4688300	0.1198252	0.0000016	0.5431910	0.4450239	0.8150262	1.0000000	0.0000000
