YGL035C	YGL209W	YCR065W	YER040W	YEL009C	YDR259C	YPL177C	YML099C	YKR034W	YCL067C
0.7162053	0.0324911	0.7111320	0.0000000	0.3221032	0.0000000	0.5529400	0.5976763	0.0960683	0.7183923
