YGL096W	YKL043W	YER111C	YLR182W	YLR183C	YPR104C	YOR344C	YMR037C	YGL162W	YPR065W
1.0011584	0.0457885	0.0751934	1.0377947	0.8640450	1.0312197	0.2166366	0.7407046	0.7773229	1.0043265
