YDR216W	YDR451C	YMR016C	YNL167C	YGL181W	YGL071W	YKL015W	YKL109W	YGL035C	YGL209W
0.5740677	0.3060433	0.6973466	0.6044975	0.3361558	0.4008111	0.3230219	0.4918930	0.4003124	0.8557409
