YGL035C	YGL209W	YCR065W	YER040W	YEL009C	YDR259C	YPL177C	YML099C	YKR034W	YCL067C
0.0866047	0.9413821	0.0329128	0.9662938	0.8229719	0.7809034	0.8003472	1.0000000	0.7722568	1.0000000
