YPL248C	YOL108C	YIR018W	YJR060W	YGL096W	YKL043W	YER111C	YLR182W	YLR183C	YPR104C
0.2648115	0.1513459	0.7705572	0.2629647	0.3801135	0.5983710	0.5844669	0.6938211	0.0646009	0.7267061
