YCL067C	YJL110C	YFL021W	YDR146C	YHR084W	YBR083W	YLR256W	YBR112C	YNL068C	YIR023W
0.0000000	0.5030019	0.5345896	0.9233249	0.0411042	0.0000000	0.0492723	0.9957568	0.9793721	0.9615299
0.5651494	1.0286778	0.0138513	0.0000000	0.0128351	0.0189059	0.0436990	1.1415514	0.0000000	1.1147552
0.4071961	0.8178665	0.4176989	0.0000000	0.0509270	0.0187172	0.0588485	1.0595444	1.1171007	0.0000000
0.2418723	0.4744817	0.5994569	0.9606874	0.0000000	0.0110077	0.0000000	0.9557685	0.9638136	0.9967180
0.5039110	0.9546314	0.1431266	0.4126561	0.0000000	0.0193390	0.0732804	1.0549831	0.0000000	1.0036269
0.5618826	1.0147663	0.0086942	0.4299309	0.0481932	0.0236681	0.0502450	1.1201971	0.0000000	0.0000000
