YGL035C	YGL209W	YCR065W	YER040W	YEL009C	YDR259C	YPL177C	YML099C	YKR034W	YCL067C
0.9999998	0.0393651	0.0275673	0.0000001	0.4358216	0.0000000	0.1035747	1.0000000	0.0324274	1.0000000
