YKR034W	YCL067C	YJL110C	YFL021W	YDR146C	YHR084W	YBR083W	YLR256W	YBR112C	YNL068C
0.3907665	0.2020448	0.3454113	0.5805861	0.5364448	0.7562179	0.0150403	0.6626585	0.8998283	0.8125320
