YIL131C	YDR501W	YNL216W	YBR049C	YDL020C	YKL062W	YDR216W	YDR451C	YMR016C	YNL167C
0.0000000	1.0227996	0.5180281	0.3586124	0.6729156	1.0854360	0.0703340	0.9960978	0.0000000	0.9560612
0.9942508	0.0377958	0.0000000	0.4786920	0.6494877	1.0642934	0.2873440	0.5525913	0.0000000	1.0539429
