YIL131C	YDR501W	YNL216W	YBR049C	YDL020C	YKL062W	YDR216W	YDR451C	YMR016C	YNL167C
0.0000000	0.0510036	0.9453640	0.8553581	0.6499605	0.6361445	0.2243938	0.9820399	0.0000000	0.9495888
0.4460909	1.0572773	0.0000000	0.9587529	1.0014171	0.9537308	0.2101911	0.9317108	0.0000000	0.9386702
