YPL248C	YOL108C	YIR018W	YJR060W	YGL096W	YKL043W	YER111C	YLR182W	YLR183C	YPR104C
0.5855442	0.2067911	0.0018413	0.0000000	0.8178883	0.1953225	1.0570081	0.0000000	0.7766029	1.0332022
