YOR028C	YPL248C	YOL108C	YIR018W	YJR060W	YGL096W	YKL043W	YER111C	YLR182W	YLR183C
0.8205673	0.1137196	0.2767267	0.1574044	0.6531339	0.5053436	0.0917507	0.4843800	0.0392812	0.6585677
