YGL181W	YGL071W	YKL015W	YKL109W	YGL035C	YGL209W	YCR065W	YER040W	YEL009C	YDR259C
0.0165834	0.0000015	0.0000000	0.8131931	0.3741855	0.9985434	0.2172101	0.9999999	0.1103989	1.0000000
0.0165837	0.0000015	0.6996605	0.8131928	0.3741854	0.9985437	0.2172098	1.0000000	0.0000000	1.0000000
0.5085153	0.8516324	0.4561969	0.0000007	0.3741852	0.9985440	0.2172095	1.0000000	0.0000000	1.0000000
0.4290124	0.9325088	0.3796032	0.0762712	0.0000000	0.0000008	0.2653064	0.9160724	0.1103989	1.0000000
0.0202454	0.9999964	0.0474196	0.0762681	0.0000000	0.3874662	0.9929018	0.1310963	1.0000000	0.0000000
0.0788702	0.9992945	0.1444316	0.6102829	1.0000000	0.0000000	0.9928551	0.1312903	0.9999998	0.0000000
0.0361021	0.9999242	0.0907457	0.3872629	0.6008671	0.3797458	1.0000000	0.0000000	1.0000000	0.0000000
