YPL202C	YML007W	YKL185W	YLR131C	YIL131C	YDR501W	YNL216W	YBR049C	YDL020C	YKL062W
0.0955908	0.2048336	0.7014030	0.2305642	0.4049660	0.5008133	0.7886180	0.0275715	0.1105714	0.3674892
