YDR451C	YMR016C	YNL167C	YGL181W	YGL071W	YKL015W	YKL109W	YGL035C	YGL209W	YCR065W
0.1796286	0.0955044	0.2408961	0.4971809	0.8620274	0.8738408	0.6112050	0.6985757	0.8311915	1.0000000
