YML007W	YKL185W	YLR131C	YIL131C	YDR501W	YNL216W	YBR049C	YDL020C	YKL062W	YDR216W
0.2571366	0.9997417	0.7365334	0.2489495	0.3845973	0.6231050	0.5141571	0.9104471	0.4601765	1.0000000
