Time	uvrD	lexA	umuDC	recA	uvrA	uvrY	ruvA	polB
1	169.6866667	1030.1711109999999	90.88277777	1415.643334	1261.8061109999999	74.00833333	0.0	28.86777778
5	123.20777779999999	1445.273333	192.5005555	1887.0733329999998	1328.1827779999999	3.41111111	28.30166667	57.20944444
9	112.89555559999998	551.8466667	138.7155556	1089.95	439.11	48.06111111	11.04722222	31.48777778
13	82.70166665	345.8083333	82.55611111	704.3361111	265.6205555	28.00388889	1.901666667	32.16
