Time	uvrD	lexA	umuDC	recA	uvrA	uvrY	ruvA	polB
1	169.6866667	1030.1711109999999	90.88277777	1415.643334	1261.8061109999999	74.00833333	0.0	28.86777778
3	225.3361111	1859.4072219999998	186.1488889	2043.8833329999998	1740.149445	3.951666667	19.09111111	51.78388889
5	123.20777779999999	1445.273333	192.5005555	1887.0733329999998	1328.1827779999999	3.41111111	28.30166667	57.20944444
7	91.93166667	895.35	168.5683333	1515.862222	811.9061111000001	56.08444445	10.54611111	51.43944444
9	112.89555559999998	551.8466667	138.7155556	1089.95	439.11	48.06111111	11.04722222	31.48777778
11	108.54111110000001	449.6055556	113.16944440000002	826.8877777	303.6011111	16.59611111	12.63	27.82777778
13	82.70166665	345.8083333	82.55611111	704.3361111	265.6205555	28.00388889	1.901666667	32.16
