Time	uvrD	lexA	umuDC	recA	uvrA	uvrY	ruvA	polB
1	169.6866667	1030.1711109999999	90.88277777	1415.643334	1261.8061109999999	74.00833333	0.0	28.86777778
4	171.8516666	1671.0772220000001	218.985	2016.82	1560.609444	0.0	34.83111111	59.74277778
7	91.93166667	895.35	168.5683333	1515.862222	811.9061111000001	56.08444445	10.54611111	51.43944444
10	106.7672222	478.24111110000007	133.24	936.6938889	341.1733333	31.43666667	15.56277778	33.71277778
13	82.70166665	345.8083333	82.55611111	704.3361111	265.6205555	28.00388889	1.901666667	32.16
